date,sku,brand,segment,category,channel,region,pack_type,price_unit,promotion_flag,delivery_days,stock_available,delivered_qty,units_sold,revenue
21/01/2022,MI-006,MiBrand1,Milk-Seg3,Milk,Retail,PL-Central,Multipack,2.38,0.0,1.0,141.0,128.0,9.0,21.42
21/01/2022,MI-006,MiBrand1,Milk-Seg3,Milk,Retail,PL-North,Single,1.55,1.0,3.0,0.0,129.0,0.0,0.0
21/01/2022,MI-006,MiBrand1,Milk-Seg3,Milk,Retail,PL-South,Carton,4.0,0.0,5.0,118.0,161.0,8.0,32.0
21/01/2022,MI-006,MiBrand1,Milk-Seg3,Milk,Discount,PL-Central,Single,5.16,0.0,2.0,81.0,114.0,7.0,36.12
21/01/2022,MI-006,MiBrand1,Milk-Seg3,Milk,Discount,PL-North,Single,7.66,0.0,4.0,148.0,204.0,12.0,91.92
21/01/2022,MI-006,MiBrand1,Milk-Seg3,Milk,Discount,PL-South,Carton,5.09,1.0,3.0,163.0,154.0,25.0,127.25
21/01/2022,MI-006,MiBrand1,Milk-Seg3,Milk,E-commerce,PL-North,Carton,8.58,0.0,2.0,140.0,156.0,7.0,60.06
21/01/2022,MI-006,MiBrand1,Milk-Seg3,Milk,E-commerce,PL-South,Carton,4.21,0.0,3.0,194.0,185.0,17.0,71.57
22/01/2022,MI-006,MiBrand1,Milk-Seg3,Milk,Retail,PL-Central,Carton,8.27,0.0,2.0,180.0,161.0,14.0,115.78
22/01/2022,MI-006,MiBrand1,Milk-Seg3,Milk,Retail,PL-North,Carton,5.66,0.0,5.0,117.0,192.0,5.0,28.3
22/01/2022,MI-006,MiBrand1,Milk-Seg3,Milk,Discount,PL-Central,Carton,2.6,1.0,5.0,294.0,249.0,38.0,98.8
22/01/2022,MI-006,MiBrand1,Milk-Seg3,Milk,Discount,PL-North,Multipack,3.86,0.0,3.0,191.0,198.0,12.0,46.32
22/01/2022,MI-006,MiBrand1,Milk-Seg3,Milk,Discount,PL-South,Multipack,6.9,0.0,3.0,267.0,281.0,22.0,151.8
22/01/2022,MI-006,MiBrand1,Milk-Seg3,Milk,E-commerce,PL-Central,Carton,5.34,0.0,1.0,160.0,140.0,11.0,58.74
22/01/2022,MI-006,MiBrand1,Milk-Seg3,Milk,E-commerce,PL-South,Single,2.93,0.0,5.0,181.0,158.0,17.0,49.81
22/01/2022,MI-026,MiBrand4,Milk-Seg2,Milk,Retail,PL-North,Carton,7.96,0.0,1.0,88.0,106.0,9.0,71.64
22/01/2022,MI-026,MiBrand4,Milk-Seg2,Milk,Retail,PL-South,Single,2.51,0.0,4.0,119.0,191.0,8.0,20.08
22/01/2022,MI-026,MiBrand4,Milk-Seg2,Milk,Discount,PL-North,Multipack,8.56,0.0,1.0,161.0,172.0,11.0,94.16
22/01/2022,MI-026,MiBrand4,Milk-Seg2,Milk,E-commerce,PL-Central,Single,5.66,0.0,2.0,168.0,183.0,10.0,56.6
22/01/2022,MI-026,MiBrand4,Milk-Seg2,Milk,E-commerce,PL-North,Carton,2.22,0.0,3.0,130.0,140.0,10.0,22.2
23/01/2022,MI-006,MiBrand1,Milk-Seg3,Milk,Retail,PL-Central,Carton,8.96,0.0,4.0,213.0,232.0,11.0,98.56
23/01/2022,MI-006,MiBrand1,Milk-Seg3,Milk,Retail,PL-North,Carton,7.3,0.0,5.0,131.0,167.0,5.0,36.5
23/01/2022,MI-006,MiBrand1,Milk-Seg3,Milk,Discount,PL-Central,Carton,3.21,0.0,5.0,165.0,140.0,14.0,44.94
23/01/2022,MI-006,MiBrand1,Milk-Seg3,Milk,Discount,PL-North,Carton,4.84,0.0,5.0,213.0,189.0,15.0,72.6
23/01/2022,MI-006,MiBrand1,Milk-Seg3,Milk,Discount,PL-South,Single,6.16,1.0,2.0,285.0,246.0,43.0,264.88
23/01/2022,MI-006,MiBrand1,Milk-Seg3,Milk,E-commerce,PL-Central,Single,6.98,0.0,1.0,153.0,161.0,10.0,69.8
23/01/2022,MI-006,MiBrand1,Milk-Seg3,Milk,E-commerce,PL-North,Carton,3.7,0.0,4.0,96.0,140.0,10.0,37.0
23/01/2022,MI-006,MiBrand1,Milk-Seg3,Milk,E-commerce,PL-South,Multipack,5.54,0.0,4.0,190.0,188.0,14.0,77.56
23/01/2022,MI-026,MiBrand4,Milk-Seg2,Milk,Retail,PL-Central,Single,2.32,0.0,3.0,130.0,139.0,9.0,20.88
23/01/2022,MI-026,MiBrand4,Milk-Seg2,Milk,Retail,PL-North,Multipack,2.57,0.0,2.0,132.0,151.0,9.0,23.13
23/01/2022,MI-026,MiBrand4,Milk-Seg2,Milk,Retail,PL-South,Multipack,4.71,0.0,3.0,254.0,219.0,16.0,75.36
23/01/2022,MI-026,MiBrand4,Milk-Seg2,Milk,Discount,PL-Central,Multipack,7.09,0.0,2.0,149.0,127.0,9.0,63.81
23/01/2022,MI-026,MiBrand4,Milk-Seg2,Milk,Discount,PL-North,Multipack,3.95,0.0,4.0,176.0,185.0,16.0,63.2
23/01/2022,MI-026,MiBrand4,Milk-Seg2,Milk,E-commerce,PL-North,Single,7.47,1.0,4.0,124.0,111.0,16.0,119.52
24/01/2022,MI-006,MiBrand1,Milk-Seg3,Milk,Retail,PL-Central,Carton,4.1,0.0,3.0,84.0,91.0,3.0,12.3
24/01/2022,MI-006,MiBrand1,Milk-Seg3,Milk,Retail,PL-North,Single,7.41,0.0,2.0,160.0,138.0,13.0,96.33
24/01/2022,MI-006,MiBrand1,Milk-Seg3,Milk,Retail,PL-South,Carton,5.31,0.0,1.0,174.0,217.0,11.0,58.41
24/01/2022,MI-006,MiBrand1,Milk-Seg3,Milk,Discount,PL-Central,Single,7.6,0.0,4.0,164.0,201.0,11.0,83.6
24/01/2022,MI-006,MiBrand1,Milk-Seg3,Milk,Discount,PL-North,Single,1.79,0.0,2.0,213.0,221.0,18.0,32.22
24/01/2022,MI-006,MiBrand1,Milk-Seg3,Milk,Discount,PL-South,Multipack,7.66,0.0,1.0,212.0,179.0,11.0,84.26
24/01/2022,MI-006,MiBrand1,Milk-Seg3,Milk,E-commerce,PL-Central,Multipack,6.81,0.0,3.0,133.0,188.0,9.0,61.29
24/01/2022,MI-006,MiBrand1,Milk-Seg3,Milk,E-commerce,PL-North,Single,5.03,0.0,2.0,0.0,159.0,0.0,0.0
24/01/2022,MI-026,MiBrand4,Milk-Seg2,Milk,Retail,PL-North,Single,5.51,0.0,1.0,177.0,171.0,7.0,38.57
24/01/2022,MI-026,MiBrand4,Milk-Seg2,Milk,Discount,PL-Central,Carton,2.5,0.0,5.0,232.0,202.0,14.0,35.0
24/01/2022,MI-026,MiBrand4,Milk-Seg2,Milk,Discount,PL-South,Carton,5.46,0.0,1.0,148.0,136.0,9.0,49.14
24/01/2022,MI-026,MiBrand4,Milk-Seg2,Milk,E-commerce,PL-North,Multipack,7.42,0.0,5.0,207.0,214.0,18.0,133.56
24/01/2022,MI-026,MiBrand4,Milk-Seg2,Milk,E-commerce,PL-South,Carton,5.87,1.0,3.0,197.0,207.0,26.0,152.62
25/01/2022,MI-006,MiBrand1,Milk-Seg3,Milk,Retail,PL-Central,Carton,3.49,0.0,5.0,230.0,211.0,22.0,76.78
25/01/2022,MI-006,MiBrand1,Milk-Seg3,Milk,Retail,PL-North,Carton,8.03,0.0,2.0,152.0,138.0,11.0,88.33
25/01/2022,MI-006,MiBrand1,Milk-Seg3,Milk,Retail,PL-South,Single,1.51,0.0,4.0,132.0,167.0,7.0,10.57
25/01/2022,MI-006,MiBrand1,Milk-Seg3,Milk,Discount,PL-Central,Carton,6.99,0.0,1.0,193.0,173.0,13.0,90.87
25/01/2022,MI-006,MiBrand1,Milk-Seg3,Milk,Discount,PL-North,Multipack,6.08,0.0,4.0,101.0,121.0,9.0,54.72
25/01/2022,MI-006,MiBrand1,Milk-Seg3,Milk,E-commerce,PL-North,Multipack,7.12,0.0,2.0,92.0,100.0,3.0,21.36
25/01/2022,MI-006,MiBrand1,Milk-Seg3,Milk,E-commerce,PL-South,Carton,5.28,0.0,5.0,177.0,252.0,11.0,58.08
25/01/2022,MI-026,MiBrand4,Milk-Seg2,Milk,Retail,PL-North,Carton,3.86,0.0,2.0,120.0,165.0,8.0,30.88
25/01/2022,MI-026,MiBrand4,Milk-Seg2,Milk,Retail,PL-South,Multipack,3.49,0.0,5.0,211.0,180.0,15.0,52.35
25/01/2022,MI-026,MiBrand4,Milk-Seg2,Milk,Discount,PL-Central,Multipack,6.29,0.0,2.0,75.0,122.0,5.0,31.45
25/01/2022,MI-026,MiBrand4,Milk-Seg2,Milk,Discount,PL-North,Multipack,5.93,0.0,2.0,136.0,162.0,10.0,59.3
25/01/2022,MI-026,MiBrand4,Milk-Seg2,Milk,Discount,PL-South,Single,4.95,1.0,5.0,212.0,187.0,31.0,153.45
25/01/2022,MI-026,MiBrand4,Milk-Seg2,Milk,E-commerce,PL-Central,Carton,6.35,0.0,2.0,136.0,198.0,9.0,57.15
25/01/2022,MI-026,MiBrand4,Milk-Seg2,Milk,E-commerce,PL-North,Multipack,2.01,0.0,4.0,111.0,106.0,7.0,14.07
25/01/2022,MI-026,MiBrand4,Milk-Seg2,Milk,E-commerce,PL-South,Single,2.85,0.0,1.0,126.0,196.0,10.0,28.5
26/01/2022,MI-006,MiBrand1,Milk-Seg3,Milk,Retail,PL-Central,Single,1.7,0.0,4.0,131.0,199.0,7.0,11.9
26/01/2022,MI-006,MiBrand1,Milk-Seg3,Milk,Retail,PL-South,Carton,5.54,1.0,2.0,225.0,255.0,29.0,160.66
26/01/2022,MI-006,MiBrand1,Milk-Seg3,Milk,Discount,PL-Central,Single,3.38,0.0,3.0,139.0,230.0,12.0,40.56
26/01/2022,MI-006,MiBrand1,Milk-Seg3,Milk,Discount,PL-North,Carton,2.51,0.0,4.0,158.0,185.0,9.0,22.59
26/01/2022,MI-006,MiBrand1,Milk-Seg3,Milk,Discount,PL-South,Single,3.77,0.0,5.0,88.0,115.0,8.0,30.16
26/01/2022,MI-006,MiBrand1,Milk-Seg3,Milk,E-commerce,PL-North,Carton,4.23,0.0,1.0,213.0,197.0,19.0,80.37
26/01/2022,MI-006,MiBrand1,Milk-Seg3,Milk,E-commerce,PL-South,Carton,3.25,0.0,5.0,216.0,266.0,17.0,55.25
26/01/2022,MI-026,MiBrand4,Milk-Seg2,Milk,Retail,PL-Central,Multipack,5.54,0.0,3.0,181.0,177.0,13.0,72.02
26/01/2022,MI-026,MiBrand4,Milk-Seg2,Milk,Retail,PL-North,Carton,7.86,0.0,2.0,150.0,133.0,10.0,78.6
26/01/2022,MI-026,MiBrand4,Milk-Seg2,Milk,Retail,PL-South,Multipack,6.19,0.0,1.0,92.0,100.0,6.0,37.14
26/01/2022,MI-026,MiBrand4,Milk-Seg2,Milk,Discount,PL-Central,Single,2.29,0.0,5.0,121.0,197.0,13.0,29.77
26/01/2022,MI-026,MiBrand4,Milk-Seg2,Milk,Discount,PL-North,Single,3.84,1.0,3.0,145.0,174.0,19.0,72.96
26/01/2022,MI-026,MiBrand4,Milk-Seg2,Milk,Discount,PL-South,Carton,7.14,0.0,4.0,104.0,173.0,8.0,57.12
26/01/2022,MI-026,MiBrand4,Milk-Seg2,Milk,E-commerce,PL-Central,Multipack,6.04,0.0,1.0,149.0,170.0,9.0,54.36
26/01/2022,MI-026,MiBrand4,Milk-Seg2,Milk,E-commerce,PL-North,Single,5.24,0.0,4.0,0.0,202.0,0.0,0.0
26/01/2022,MI-026,MiBrand4,Milk-Seg2,Milk,E-commerce,PL-South,Single,2.68,0.0,4.0,216.0,183.0,14.0,37.52
27/01/2022,MI-006,MiBrand1,Milk-Seg3,Milk,Retail,PL-North,Multipack,4.28,0.0,1.0,179.0,171.0,16.0,68.48
27/01/2022,MI-006,MiBrand1,Milk-Seg3,Milk,Retail,PL-South,Single,5.59,0.0,3.0,131.0,214.0,12.0,67.08
27/01/2022,MI-006,MiBrand1,Milk-Seg3,Milk,Discount,PL-North,Carton,8.25,0.0,2.0,168.0,209.0,11.0,90.75
27/01/2022,MI-006,MiBrand1,Milk-Seg3,Milk,Discount,PL-South,Single,4.88,0.0,5.0,103.0,169.0,8.0,39.04
27/01/2022,MI-006,MiBrand1,Milk-Seg3,Milk,E-commerce,PL-Central,Single,4.92,0.0,5.0,123.0,103.0,8.0,39.36
27/01/2022,MI-006,MiBrand1,Milk-Seg3,Milk,E-commerce,PL-North,Single,1.54,0.0,3.0,147.0,245.0,10.0,15.4
27/01/2022,MI-006,MiBrand1,Milk-Seg3,Milk,E-commerce,PL-South,Carton,1.51,0.0,2.0,141.0,142.0,9.0,13.59
27/01/2022,MI-026,MiBrand4,Milk-Seg2,Milk,Retail,PL-North,Carton,2.38,0.0,2.0,94.0,149.0,8.0,19.04
27/01/2022,MI-026,MiBrand4,Milk-Seg2,Milk,Retail,PL-South,Carton,4.19,0.0,1.0,142.0,172.0,11.0,46.09
27/01/2022,MI-026,MiBrand4,Milk-Seg2,Milk,Discount,PL-Central,Carton,3.91,0.0,1.0,212.0,198.0,18.0,70.38
27/01/2022,MI-026,MiBrand4,Milk-Seg2,Milk,Discount,PL-North,Carton,2.33,0.0,1.0,152.0,211.0,10.0,23.3
27/01/2022,MI-026,MiBrand4,Milk-Seg2,Milk,Discount,PL-South,Single,8.24,0.0,3.0,100.0,123.0,7.0,57.68
27/01/2022,MI-026,MiBrand4,Milk-Seg2,Milk,E-commerce,PL-Central,Carton,7.64,0.0,1.0,192.0,166.0,17.0,129.88
27/01/2022,MI-026,MiBrand4,Milk-Seg2,Milk,E-commerce,PL-North,Multipack,2.85,1.0,2.0,174.0,213.0,26.0,74.1
27/01/2022,MI-026,MiBrand4,Milk-Seg2,Milk,E-commerce,PL-South,Carton,2.72,0.0,1.0,186.0,174.0,18.0,48.96
28/01/2022,MI-006,MiBrand1,Milk-Seg3,Milk,Retail,PL-Central,Single,8.97,0.0,3.0,228.0,229.0,18.0,161.46
28/01/2022,MI-006,MiBrand1,Milk-Seg3,Milk,Retail,PL-North,Carton,2.24,1.0,1.0,174.0,176.0,30.0,67.2
28/01/2022,MI-006,MiBrand1,Milk-Seg3,Milk,Retail,PL-South,Multipack,5.46,0.0,1.0,167.0,149.0,7.0,38.22
28/01/2022,MI-006,MiBrand1,Milk-Seg3,Milk,Discount,PL-Central,Carton,7.33,0.0,4.0,135.0,144.0,9.0,65.97
28/01/2022,MI-006,MiBrand1,Milk-Seg3,Milk,Discount,PL-North,Single,8.71,0.0,4.0,214.0,192.0,16.0,139.36
28/01/2022,MI-006,MiBrand1,Milk-Seg3,Milk,Discount,PL-South,Single,5.94,0.0,3.0,188.0,166.0,15.0,89.1
28/01/2022,MI-006,MiBrand1,Milk-Seg3,Milk,E-commerce,PL-Central,Multipack,1.88,0.0,4.0,228.0,201.0,16.0,30.08
28/01/2022,MI-006,MiBrand1,Milk-Seg3,Milk,E-commerce,PL-North,Carton,2.49,1.0,4.0,58.0,92.0,9.0,22.41
28/01/2022,MI-006,MiBrand1,Milk-Seg3,Milk,E-commerce,PL-South,Single,7.31,0.0,4.0,131.0,118.0,12.0,87.72
28/01/2022,MI-026,MiBrand4,Milk-Seg2,Milk,Retail,PL-Central,Single,8.49,0.0,5.0,203.0,192.0,16.0,135.84
28/01/2022,MI-026,MiBrand4,Milk-Seg2,Milk,Retail,PL-South,Carton,6.53,1.0,3.0,219.0,230.0,26.0,169.78
28/01/2022,MI-026,MiBrand4,Milk-Seg2,Milk,Discount,PL-Central,Multipack,7.51,0.0,4.0,44.0,52.0,2.0,15.02
28/01/2022,MI-026,MiBrand4,Milk-Seg2,Milk,Discount,PL-North,Single,1.62,0.0,5.0,256.0,215.0,18.0,29.16
28/01/2022,MI-026,MiBrand4,Milk-Seg2,Milk,Discount,PL-South,Multipack,8.46,1.0,5.0,148.0,191.0,21.0,177.66
28/01/2022,MI-026,MiBrand4,Milk-Seg2,Milk,E-commerce,PL-Central,Carton,6.72,0.0,4.0,291.0,247.0,27.0,181.44
28/01/2022,MI-026,MiBrand4,Milk-Seg2,Milk,E-commerce,PL-South,Carton,6.52,0.0,2.0,147.0,177.0,13.0,84.76
29/01/2022,MI-006,MiBrand1,Milk-Seg3,Milk,Retail,PL-Central,Multipack,3.57,0.0,1.0,108.0,180.0,8.0,28.56
29/01/2022,MI-006,MiBrand1,Milk-Seg3,Milk,Retail,PL-North,Carton,6.88,0.0,1.0,173.0,277.0,9.0,61.92
29/01/2022,MI-006,MiBrand1,Milk-Seg3,Milk,Retail,PL-South,Multipack,6.5,0.0,4.0,244.0,213.0,14.0,91.0
29/01/2022,MI-006,MiBrand1,Milk-Seg3,Milk,Discount,PL-Central,Multipack,2.0,1.0,2.0,257.0,223.0,22.0,44.0
29/01/2022,MI-006,MiBrand1,Milk-Seg3,Milk,Discount,PL-South,Multipack,5.74,0.0,3.0,132.0,193.0,7.0,40.18
29/01/2022,MI-006,MiBrand1,Milk-Seg3,Milk,E-commerce,PL-Central,Single,6.74,0.0,3.0,153.0,159.0,10.0,67.4
29/01/2022,MI-006,MiBrand1,Milk-Seg3,Milk,E-commerce,PL-North,Carton,8.52,0.0,2.0,121.0,152.0,6.0,51.12
29/01/2022,MI-006,MiBrand1,Milk-Seg3,Milk,E-commerce,PL-South,Carton,1.61,1.0,1.0,149.0,206.0,22.0,35.42
29/01/2022,MI-026,MiBrand4,Milk-Seg2,Milk,Retail,PL-Central,Multipack,1.92,0.0,2.0,139.0,213.0,10.0,19.2
29/01/2022,MI-026,MiBrand4,Milk-Seg2,Milk,Retail,PL-North,Carton,4.46,0.0,3.0,91.0,94.0,5.0,22.3
29/01/2022,MI-026,MiBrand4,Milk-Seg2,Milk,Retail,PL-South,Carton,3.99,0.0,5.0,102.0,163.0,4.0,15.96
29/01/2022,MI-026,MiBrand4,Milk-Seg2,Milk,Discount,PL-Central,Carton,8.78,0.0,1.0,207.0,179.0,12.0,105.36
29/01/2022,MI-026,MiBrand4,Milk-Seg2,Milk,Discount,PL-North,Carton,1.5,0.0,2.0,102.0,93.0,10.0,15.0
29/01/2022,MI-026,MiBrand4,Milk-Seg2,Milk,Discount,PL-South,Single,6.9,0.0,5.0,92.0,138.0,8.0,55.2
29/01/2022,MI-026,MiBrand4,Milk-Seg2,Milk,E-commerce,PL-Central,Single,7.3,0.0,1.0,193.0,215.0,11.0,80.3
29/01/2022,MI-026,MiBrand4,Milk-Seg2,Milk,E-commerce,PL-North,Multipack,4.59,0.0,1.0,131.0,163.0,11.0,50.49
29/01/2022,MI-026,MiBrand4,Milk-Seg2,Milk,E-commerce,PL-South,Carton,4.68,1.0,3.0,122.0,199.0,16.0,74.88
30/01/2022,MI-006,MiBrand1,Milk-Seg3,Milk,Retail,PL-Central,Multipack,2.71,1.0,5.0,173.0,189.0,22.0,59.62
30/01/2022,MI-006,MiBrand1,Milk-Seg3,Milk,Discount,PL-North,Single,6.06,0.0,2.0,166.0,228.0,10.0,60.6
30/01/2022,MI-006,MiBrand1,Milk-Seg3,Milk,E-commerce,PL-Central,Multipack,6.76,1.0,1.0,204.0,193.0,41.0,277.16
30/01/2022,MI-006,MiBrand1,Milk-Seg3,Milk,E-commerce,PL-South,Single,7.4,0.0,3.0,106.0,109.0,5.0,37.0
30/01/2022,MI-026,MiBrand4,Milk-Seg2,Milk,Retail,PL-Central,Single,7.14,0.0,2.0,94.0,154.0,8.0,57.12
30/01/2022,MI-026,MiBrand4,Milk-Seg2,Milk,Retail,PL-North,Single,3.26,0.0,4.0,216.0,239.0,15.0,48.9
30/01/2022,MI-026,MiBrand4,Milk-Seg2,Milk,Retail,PL-South,Carton,3.65,0.0,1.0,90.0,105.0,7.0,25.55
30/01/2022,MI-026,MiBrand4,Milk-Seg2,Milk,Discount,PL-Central,Single,4.86,0.0,4.0,117.0,162.0,5.0,24.3
30/01/2022,MI-026,MiBrand4,Milk-Seg2,Milk,Discount,PL-North,Carton,3.93,0.0,5.0,125.0,135.0,12.0,47.16
30/01/2022,MI-026,MiBrand4,Milk-Seg2,Milk,Discount,PL-South,Single,7.76,0.0,5.0,234.0,206.0,18.0,139.68
30/01/2022,MI-026,MiBrand4,Milk-Seg2,Milk,E-commerce,PL-Central,Single,7.09,0.0,1.0,151.0,136.0,8.0,56.72
30/01/2022,MI-026,MiBrand4,Milk-Seg2,Milk,E-commerce,PL-North,Multipack,4.41,0.0,5.0,175.0,162.0,16.0,70.56
30/01/2022,MI-026,MiBrand4,Milk-Seg2,Milk,E-commerce,PL-South,Carton,1.97,1.0,3.0,120.0,173.0,14.0,27.58
31/01/2022,MI-006,MiBrand1,Milk-Seg3,Milk,Retail,PL-Central,Single,6.23,1.0,3.0,222.0,187.0,18.0,112.14
31/01/2022,MI-006,MiBrand1,Milk-Seg3,Milk,Retail,PL-North,Single,3.35,0.0,3.0,192.0,169.0,5.0,16.75
31/01/2022,MI-006,MiBrand1,Milk-Seg3,Milk,Retail,PL-South,Single,7.32,1.0,1.0,186.0,182.0,26.0,190.32
31/01/2022,MI-006,MiBrand1,Milk-Seg3,Milk,Discount,PL-North,Single,8.26,0.0,4.0,149.0,125.0,10.0,82.6
31/01/2022,MI-006,MiBrand1,Milk-Seg3,Milk,Discount,PL-South,Carton,2.41,0.0,1.0,162.0,200.0,11.0,26.51
31/01/2022,MI-006,MiBrand1,Milk-Seg3,Milk,E-commerce,PL-Central,Carton,7.14,0.0,2.0,157.0,147.0,11.0,78.54
31/01/2022,MI-006,MiBrand1,Milk-Seg3,Milk,E-commerce,PL-North,Multipack,3.63,1.0,1.0,118.0,197.0,20.0,72.6
31/01/2022,MI-006,MiBrand1,Milk-Seg3,Milk,E-commerce,PL-South,Multipack,5.14,0.0,2.0,194.0,194.0,14.0,71.96
31/01/2022,MI-026,MiBrand4,Milk-Seg2,Milk,Retail,PL-Central,Single,6.93,1.0,4.0,234.0,233.0,52.0,360.36
31/01/2022,MI-026,MiBrand4,Milk-Seg2,Milk,Retail,PL-North,Carton,3.78,1.0,5.0,137.0,182.0,16.0,60.48
31/01/2022,MI-026,MiBrand4,Milk-Seg2,Milk,Retail,PL-South,Carton,4.81,0.0,4.0,151.0,179.0,13.0,62.53
31/01/2022,MI-026,MiBrand4,Milk-Seg2,Milk,Discount,PL-Central,Multipack,4.48,0.0,3.0,234.0,202.0,17.0,76.16
31/01/2022,MI-026,MiBrand4,Milk-Seg2,Milk,Discount,PL-North,Multipack,6.25,0.0,3.0,142.0,124.0,14.0,87.5
31/01/2022,MI-026,MiBrand4,Milk-Seg2,Milk,Discount,PL-South,Multipack,7.31,1.0,5.0,169.0,210.0,24.0,175.44
31/01/2022,MI-026,MiBrand4,Milk-Seg2,Milk,E-commerce,PL-Central,Carton,3.62,0.0,4.0,161.0,152.0,10.0,36.2
31/01/2022,MI-026,MiBrand4,Milk-Seg2,Milk,E-commerce,PL-North,Carton,8.23,0.0,4.0,179.0,193.0,13.0,106.99
31/01/2022,MI-026,MiBrand4,Milk-Seg2,Milk,E-commerce,PL-South,Carton,3.86,1.0,2.0,267.0,228.0,48.0,185.28
01/02/2022,MI-006,MiBrand1,Milk-Seg3,Milk,Retail,PL-Central,Single,7.43,0.0,2.0,163.0,184.0,15.0,111.45
01/02/2022,MI-006,MiBrand1,Milk-Seg3,Milk,Retail,PL-North,Multipack,5.56,0.0,3.0,145.0,152.0,9.0,50.04
01/02/2022,MI-006,MiBrand1,Milk-Seg3,Milk,Discount,PL-Central,Carton,8.94,0.0,1.0,148.0,140.0,12.0,107.28
01/02/2022,MI-006,MiBrand1,Milk-Seg3,Milk,Discount,PL-North,Multipack,2.4,1.0,2.0,116.0,174.0,8.0,19.2
01/02/2022,MI-006,MiBrand1,Milk-Seg3,Milk,Discount,PL-South,Carton,5.85,0.0,5.0,128.0,213.0,9.0,52.65
01/02/2022,MI-006,MiBrand1,Milk-Seg3,Milk,E-commerce,PL-Central,Carton,7.46,0.0,5.0,208.0,174.0,12.0,89.52
01/02/2022,MI-006,MiBrand1,Milk-Seg3,Milk,E-commerce,PL-North,Carton,5.15,0.0,2.0,164.0,149.0,12.0,61.8
01/02/2022,MI-026,MiBrand4,Milk-Seg2,Milk,Retail,PL-Central,Carton,4.24,1.0,5.0,152.0,204.0,28.0,118.72
01/02/2022,MI-026,MiBrand4,Milk-Seg2,Milk,Retail,PL-North,Carton,2.06,0.0,3.0,121.0,192.0,7.0,14.42
01/02/2022,MI-026,MiBrand4,Milk-Seg2,Milk,Retail,PL-South,Multipack,1.93,0.0,3.0,101.0,94.0,5.0,9.65
01/02/2022,MI-026,MiBrand4,Milk-Seg2,Milk,Discount,PL-North,Multipack,1.79,0.0,1.0,222.0,196.0,14.0,25.06
01/02/2022,MI-026,MiBrand4,Milk-Seg2,Milk,Discount,PL-South,Carton,2.97,0.0,4.0,151.0,194.0,10.0,29.7
01/02/2022,MI-026,MiBrand4,Milk-Seg2,Milk,E-commerce,PL-Central,Carton,2.58,0.0,3.0,131.0,200.0,11.0,28.38
01/02/2022,MI-026,MiBrand4,Milk-Seg2,Milk,E-commerce,PL-North,Multipack,2.2,0.0,5.0,132.0,133.0,10.0,22.0
01/02/2022,MI-026,MiBrand4,Milk-Seg2,Milk,E-commerce,PL-South,Single,7.09,0.0,3.0,153.0,183.0,12.0,85.08
02/02/2022,MI-006,MiBrand1,Milk-Seg3,Milk,Retail,PL-Central,Single,2.91,0.0,1.0,160.0,172.0,7.0,20.37
02/02/2022,MI-006,MiBrand1,Milk-Seg3,Milk,Retail,PL-South,Single,4.6,0.0,5.0,244.0,222.0,17.0,78.2
02/02/2022,MI-006,MiBrand1,Milk-Seg3,Milk,Discount,PL-South,Multipack,1.82,0.0,3.0,117.0,165.0,9.0,16.38
02/02/2022,MI-006,MiBrand1,Milk-Seg3,Milk,E-commerce,PL-Central,Carton,5.45,1.0,2.0,219.0,198.0,24.0,130.8
02/02/2022,MI-006,MiBrand1,Milk-Seg3,Milk,E-commerce,PL-North,Multipack,5.6,1.0,3.0,99.0,162.0,8.0,44.8
02/02/2022,MI-006,MiBrand1,Milk-Seg3,Milk,E-commerce,PL-South,Single,4.19,0.0,5.0,184.0,157.0,14.0,58.66
02/02/2022,MI-026,MiBrand4,Milk-Seg2,Milk,Retail,PL-Central,Single,7.48,0.0,1.0,200.0,181.0,13.0,97.24
02/02/2022,MI-026,MiBrand4,Milk-Seg2,Milk,Retail,PL-North,Multipack,3.5,0.0,5.0,169.0,218.0,20.0,70.0
02/02/2022,MI-026,MiBrand4,Milk-Seg2,Milk,Retail,PL-South,Carton,7.97,0.0,5.0,166.0,225.0,12.0,95.64
02/02/2022,MI-026,MiBrand4,Milk-Seg2,Milk,Discount,PL-Central,Carton,3.0,0.0,1.0,149.0,144.0,11.0,33.0
02/02/2022,MI-026,MiBrand4,Milk-Seg2,Milk,Discount,PL-North,Carton,4.2,0.0,3.0,203.0,183.0,12.0,50.4
02/02/2022,MI-026,MiBrand4,Milk-Seg2,Milk,Discount,PL-South,Carton,7.29,0.0,2.0,178.0,232.0,12.0,87.48
02/02/2022,MI-026,MiBrand4,Milk-Seg2,Milk,E-commerce,PL-Central,Single,4.31,0.0,2.0,97.0,132.0,8.0,34.48
03/02/2022,MI-006,MiBrand1,Milk-Seg3,Milk,Retail,PL-Central,Multipack,8.28,0.0,3.0,244.0,209.0,16.0,132.48
03/02/2022,MI-006,MiBrand1,Milk-Seg3,Milk,Retail,PL-North,Multipack,8.74,0.0,4.0,192.0,170.0,12.0,104.88
03/02/2022,MI-006,MiBrand1,Milk-Seg3,Milk,Retail,PL-South,Multipack,3.31,0.0,1.0,181.0,253.0,13.0,43.03
03/02/2022,MI-006,MiBrand1,Milk-Seg3,Milk,Discount,PL-Central,Single,5.78,0.0,2.0,184.0,200.0,16.0,92.48
03/02/2022,MI-006,MiBrand1,Milk-Seg3,Milk,Discount,PL-North,Multipack,5.65,0.0,2.0,136.0,188.0,11.0,62.15
03/02/2022,MI-006,MiBrand1,Milk-Seg3,Milk,Discount,PL-South,Single,5.27,0.0,5.0,132.0,166.0,8.0,42.16
03/02/2022,MI-006,MiBrand1,Milk-Seg3,Milk,E-commerce,PL-Central,Carton,6.34,0.0,4.0,191.0,162.0,17.0,107.78
03/02/2022,MI-006,MiBrand1,Milk-Seg3,Milk,E-commerce,PL-North,Carton,3.38,0.0,2.0,225.0,206.0,18.0,60.84
03/02/2022,MI-026,MiBrand4,Milk-Seg2,Milk,Retail,PL-Central,Multipack,4.85,0.0,4.0,87.0,140.0,5.0,24.25
03/02/2022,MI-026,MiBrand4,Milk-Seg2,Milk,Retail,PL-North,Multipack,6.06,0.0,2.0,105.0,148.0,9.0,54.54
03/02/2022,MI-026,MiBrand4,Milk-Seg2,Milk,Retail,PL-South,Multipack,6.51,0.0,1.0,165.0,158.0,16.0,104.16
03/02/2022,MI-026,MiBrand4,Milk-Seg2,Milk,Discount,PL-South,Multipack,6.5,0.0,3.0,235.0,201.0,19.0,123.5
03/02/2022,MI-026,MiBrand4,Milk-Seg2,Milk,E-commerce,PL-Central,Multipack,6.34,0.0,1.0,169.0,236.0,8.0,50.72
03/02/2022,MI-026,MiBrand4,Milk-Seg2,Milk,E-commerce,PL-South,Carton,8.6,0.0,4.0,170.0,203.0,20.0,172.0
04/02/2022,MI-006,MiBrand1,Milk-Seg3,Milk,Retail,PL-Central,Single,4.23,0.0,5.0,177.0,162.0,15.0,63.45
04/02/2022,MI-006,MiBrand1,Milk-Seg3,Milk,Retail,PL-North,Single,7.34,0.0,3.0,185.0,166.0,15.0,110.1
04/02/2022,MI-006,MiBrand1,Milk-Seg3,Milk,Retail,PL-South,Multipack,7.72,0.0,1.0,238.0,261.0,19.0,146.68
04/02/2022,MI-006,MiBrand1,Milk-Seg3,Milk,Discount,PL-Central,Single,3.99,0.0,5.0,131.0,210.0,12.0,47.88
04/02/2022,MI-006,MiBrand1,Milk-Seg3,Milk,Discount,PL-South,Single,8.08,0.0,5.0,143.0,204.0,11.0,88.88
04/02/2022,MI-006,MiBrand1,Milk-Seg3,Milk,E-commerce,PL-Central,Carton,2.21,0.0,3.0,167.0,190.0,12.0,26.52
04/02/2022,MI-006,MiBrand1,Milk-Seg3,Milk,E-commerce,PL-North,Multipack,4.13,0.0,5.0,195.0,170.0,17.0,70.21
04/02/2022,MI-006,MiBrand1,Milk-Seg3,Milk,E-commerce,PL-South,Multipack,6.23,0.0,5.0,212.0,251.0,18.0,112.14
04/02/2022,MI-026,MiBrand4,Milk-Seg2,Milk,Retail,PL-Central,Multipack,8.65,0.0,1.0,126.0,181.0,10.0,86.5
04/02/2022,MI-026,MiBrand4,Milk-Seg2,Milk,Retail,PL-North,Single,4.78,0.0,3.0,203.0,185.0,15.0,71.7
04/02/2022,MI-026,MiBrand4,Milk-Seg2,Milk,Retail,PL-South,Carton,7.8,1.0,2.0,119.0,112.0,14.0,109.2
04/02/2022,MI-026,MiBrand4,Milk-Seg2,Milk,Discount,PL-Central,Multipack,1.89,0.0,3.0,227.0,206.0,17.0,32.13
04/02/2022,MI-026,MiBrand4,Milk-Seg2,Milk,Discount,PL-South,Carton,1.76,1.0,3.0,140.0,142.0,21.0,36.96
04/02/2022,MI-026,MiBrand4,Milk-Seg2,Milk,E-commerce,PL-Central,Multipack,7.79,0.0,4.0,135.0,157.0,6.0,46.74
04/02/2022,MI-026,MiBrand4,Milk-Seg2,Milk,E-commerce,PL-North,Single,4.48,0.0,1.0,218.0,214.0,16.0,71.68
04/02/2022,MI-026,MiBrand4,Milk-Seg2,Milk,E-commerce,PL-South,Carton,1.76,0.0,1.0,149.0,131.0,14.0,24.64
05/02/2022,MI-006,MiBrand1,Milk-Seg3,Milk,Retail,PL-Central,Multipack,6.37,0.0,3.0,141.0,163.0,9.0,57.33
05/02/2022,MI-006,MiBrand1,Milk-Seg3,Milk,Retail,PL-North,Carton,3.77,1.0,3.0,128.0,212.0,11.0,41.47
05/02/2022,MI-006,MiBrand1,Milk-Seg3,Milk,Retail,PL-South,Single,8.18,0.0,3.0,157.0,181.0,17.0,139.06
05/02/2022,MI-006,MiBrand1,Milk-Seg3,Milk,Discount,PL-Central,Single,5.55,0.0,1.0,77.0,73.0,5.0,27.75
05/02/2022,MI-006,MiBrand1,Milk-Seg3,Milk,Discount,PL-North,Multipack,7.07,0.0,5.0,127.0,133.0,8.0,56.56
05/02/2022,MI-006,MiBrand1,Milk-Seg3,Milk,Discount,PL-South,Multipack,4.66,0.0,3.0,143.0,183.0,13.0,60.58
05/02/2022,MI-006,MiBrand1,Milk-Seg3,Milk,E-commerce,PL-Central,Multipack,7.11,0.0,5.0,203.0,183.0,15.0,106.65
05/02/2022,MI-006,MiBrand1,Milk-Seg3,Milk,E-commerce,PL-South,Multipack,4.02,0.0,1.0,157.0,218.0,10.0,40.2
05/02/2022,MI-026,MiBrand4,Milk-Seg2,Milk,Retail,PL-North,Carton,2.06,0.0,4.0,185.0,236.0,16.0,32.96
05/02/2022,MI-026,MiBrand4,Milk-Seg2,Milk,Retail,PL-South,Carton,6.19,1.0,3.0,141.0,169.0,13.0,80.47
05/02/2022,MI-026,MiBrand4,Milk-Seg2,Milk,Discount,PL-Central,Multipack,4.09,0.0,3.0,205.0,212.0,15.0,61.35
05/02/2022,MI-026,MiBrand4,Milk-Seg2,Milk,E-commerce,PL-Central,Single,1.7,0.0,2.0,181.0,216.0,15.0,25.5
05/02/2022,MI-026,MiBrand4,Milk-Seg2,Milk,E-commerce,PL-North,Single,3.88,0.0,2.0,318.0,266.0,31.0,120.28
05/02/2022,MI-026,MiBrand4,Milk-Seg2,Milk,E-commerce,PL-South,Multipack,3.49,0.0,4.0,162.0,181.0,11.0,38.39
06/02/2022,MI-006,MiBrand1,Milk-Seg3,Milk,Retail,PL-Central,Carton,8.4,1.0,4.0,146.0,137.0,23.0,193.2
06/02/2022,MI-006,MiBrand1,Milk-Seg3,Milk,Retail,PL-North,Single,2.66,0.0,5.0,98.0,161.0,7.0,18.62
06/02/2022,MI-006,MiBrand1,Milk-Seg3,Milk,Retail,PL-South,Carton,7.33,0.0,4.0,243.0,219.0,25.0,183.25
06/02/2022,MI-006,MiBrand1,Milk-Seg3,Milk,Discount,PL-Central,Carton,8.88,0.0,1.0,145.0,166.0,12.0,106.56
06/02/2022,MI-006,MiBrand1,Milk-Seg3,Milk,Discount,PL-North,Single,5.19,0.0,5.0,124.0,122.0,13.0,67.47
06/02/2022,MI-006,MiBrand1,Milk-Seg3,Milk,Discount,PL-South,Multipack,3.63,0.0,5.0,145.0,196.0,11.0,39.93
06/02/2022,MI-006,MiBrand1,Milk-Seg3,Milk,E-commerce,PL-Central,Single,3.96,0.0,1.0,155.0,242.0,13.0,51.48
06/02/2022,MI-026,MiBrand4,Milk-Seg2,Milk,Retail,PL-North,Multipack,2.97,0.0,2.0,161.0,195.0,12.0,35.64
06/02/2022,MI-026,MiBrand4,Milk-Seg2,Milk,Discount,PL-Central,Single,3.0,1.0,3.0,203.0,225.0,45.0,135.0
06/02/2022,MI-026,MiBrand4,Milk-Seg2,Milk,Discount,PL-North,Single,1.82,1.0,4.0,154.0,178.0,13.0,23.66
06/02/2022,MI-026,MiBrand4,Milk-Seg2,Milk,Discount,PL-South,Carton,6.4,0.0,1.0,208.0,205.0,15.0,96.0
06/02/2022,MI-026,MiBrand4,Milk-Seg2,Milk,E-commerce,PL-Central,Single,5.82,0.0,1.0,94.0,119.0,8.0,46.56
06/02/2022,MI-026,MiBrand4,Milk-Seg2,Milk,E-commerce,PL-North,Carton,4.43,0.0,5.0,150.0,141.0,14.0,62.02
06/02/2022,MI-026,MiBrand4,Milk-Seg2,Milk,E-commerce,PL-South,Carton,8.97,0.0,2.0,153.0,172.0,13.0,116.61
07/02/2022,MI-006,MiBrand1,Milk-Seg3,Milk,Retail,PL-Central,Multipack,6.96,0.0,5.0,134.0,136.0,5.0,34.8
07/02/2022,MI-006,MiBrand1,Milk-Seg3,Milk,Retail,PL-North,Carton,3.93,0.0,3.0,84.0,119.0,5.0,19.65
07/02/2022,MI-006,MiBrand1,Milk-Seg3,Milk,Discount,PL-Central,Carton,6.03,0.0,4.0,191.0,208.0,16.0,96.48
07/02/2022,MI-006,MiBrand1,Milk-Seg3,Milk,Discount,PL-North,Single,3.85,0.0,5.0,0.0,226.0,0.0,0.0
07/02/2022,MI-006,MiBrand1,Milk-Seg3,Milk,Discount,PL-South,Single,5.49,0.0,4.0,153.0,159.0,9.0,49.41
07/02/2022,MI-006,MiBrand1,Milk-Seg3,Milk,E-commerce,PL-Central,Carton,2.51,0.0,5.0,195.0,225.0,17.0,42.67
07/02/2022,MI-006,MiBrand1,Milk-Seg3,Milk,E-commerce,PL-North,Carton,7.64,0.0,1.0,256.0,225.0,24.0,183.36
07/02/2022,MI-006,MiBrand1,Milk-Seg3,Milk,E-commerce,PL-South,Multipack,7.06,0.0,4.0,136.0,167.0,9.0,63.54
07/02/2022,MI-026,MiBrand4,Milk-Seg2,Milk,Retail,PL-Central,Carton,2.51,0.0,1.0,131.0,139.0,7.0,17.57
07/02/2022,MI-026,MiBrand4,Milk-Seg2,Milk,Retail,PL-North,Multipack,4.45,0.0,1.0,143.0,151.0,9.0,40.05
07/02/2022,MI-026,MiBrand4,Milk-Seg2,Milk,Retail,PL-South,Multipack,3.9,0.0,3.0,199.0,221.0,13.0,50.7
07/02/2022,MI-026,MiBrand4,Milk-Seg2,Milk,Discount,PL-Central,Multipack,7.1,0.0,4.0,121.0,177.0,11.0,78.1
07/02/2022,MI-026,MiBrand4,Milk-Seg2,Milk,Discount,PL-North,Single,2.36,0.0,3.0,116.0,168.0,9.0,21.24
07/02/2022,MI-026,MiBrand4,Milk-Seg2,Milk,Discount,PL-South,Carton,7.0,0.0,2.0,142.0,126.0,12.0,84.0
07/02/2022,MI-026,MiBrand4,Milk-Seg2,Milk,E-commerce,PL-North,Multipack,7.75,1.0,1.0,168.0,172.0,26.0,201.5
07/02/2022,MI-026,MiBrand4,Milk-Seg2,Milk,E-commerce,PL-South,Single,8.42,0.0,2.0,213.0,213.0,22.0,185.24
08/02/2022,MI-006,MiBrand1,Milk-Seg3,Milk,Retail,PL-Central,Multipack,3.63,1.0,2.0,201.0,273.0,32.0,116.16
08/02/2022,MI-006,MiBrand1,Milk-Seg3,Milk,Retail,PL-North,Multipack,8.28,0.0,5.0,271.0,239.0,17.0,140.76
08/02/2022,MI-006,MiBrand1,Milk-Seg3,Milk,Discount,PL-Central,Multipack,5.99,0.0,3.0,156.0,217.0,15.0,89.85
08/02/2022,MI-006,MiBrand1,Milk-Seg3,Milk,Discount,PL-North,Single,2.91,0.0,2.0,105.0,126.0,7.0,20.37
08/02/2022,MI-006,MiBrand1,Milk-Seg3,Milk,E-commerce,PL-Central,Carton,2.7,1.0,1.0,109.0,177.0,22.0,59.4
08/02/2022,MI-006,MiBrand1,Milk-Seg3,Milk,E-commerce,PL-North,Carton,5.09,0.0,4.0,149.0,149.0,10.0,50.9
08/02/2022,MI-006,MiBrand1,Milk-Seg3,Milk,E-commerce,PL-South,Multipack,5.51,0.0,2.0,132.0,164.0,8.0,44.08
08/02/2022,MI-026,MiBrand4,Milk-Seg2,Milk,Retail,PL-Central,Carton,5.04,0.0,1.0,158.0,204.0,15.0,75.6
08/02/2022,MI-026,MiBrand4,Milk-Seg2,Milk,Retail,PL-North,Single,4.49,0.0,5.0,188.0,162.0,12.0,53.88
08/02/2022,MI-026,MiBrand4,Milk-Seg2,Milk,Retail,PL-South,Single,4.69,0.0,2.0,154.0,155.0,13.0,60.97
08/02/2022,MI-026,MiBrand4,Milk-Seg2,Milk,Discount,PL-Central,Single,8.07,0.0,1.0,122.0,123.0,8.0,64.56
08/02/2022,MI-026,MiBrand4,Milk-Seg2,Milk,Discount,PL-North,Multipack,4.13,0.0,1.0,151.0,187.0,9.0,37.17
08/02/2022,MI-026,MiBrand4,Milk-Seg2,Milk,Discount,PL-South,Single,7.06,0.0,1.0,152.0,203.0,12.0,84.72
08/02/2022,MI-026,MiBrand4,Milk-Seg2,Milk,E-commerce,PL-Central,Multipack,7.3,0.0,1.0,165.0,168.0,14.0,102.2
08/02/2022,MI-026,MiBrand4,Milk-Seg2,Milk,E-commerce,PL-North,Carton,8.68,0.0,3.0,154.0,175.0,14.0,121.52
08/02/2022,MI-026,MiBrand4,Milk-Seg2,Milk,E-commerce,PL-South,Multipack,8.81,1.0,3.0,160.0,186.0,24.0,211.44
09/02/2022,MI-006,MiBrand1,Milk-Seg3,Milk,Retail,PL-Central,Multipack,8.65,1.0,4.0,227.0,200.0,20.0,173.0
09/02/2022,MI-006,MiBrand1,Milk-Seg3,Milk,Retail,PL-North,Single,4.88,0.0,3.0,154.0,151.0,10.0,48.8
09/02/2022,MI-006,MiBrand1,Milk-Seg3,Milk,Retail,PL-South,Single,5.01,1.0,2.0,134.0,166.0,24.0,120.24
09/02/2022,MI-006,MiBrand1,Milk-Seg3,Milk,Discount,PL-Central,Multipack,4.28,0.0,1.0,187.0,168.0,14.0,59.92
09/02/2022,MI-006,MiBrand1,Milk-Seg3,Milk,Discount,PL-North,Carton,4.94,0.0,2.0,115.0,121.0,11.0,54.34
09/02/2022,MI-006,MiBrand1,Milk-Seg3,Milk,E-commerce,PL-Central,Multipack,6.04,1.0,5.0,142.0,128.0,25.0,151.0
09/02/2022,MI-006,MiBrand1,Milk-Seg3,Milk,E-commerce,PL-North,Single,5.47,0.0,5.0,163.0,195.0,12.0,65.64
09/02/2022,MI-006,MiBrand1,Milk-Seg3,Milk,E-commerce,PL-South,Single,7.88,0.0,4.0,162.0,165.0,6.0,47.28
09/02/2022,MI-026,MiBrand4,Milk-Seg2,Milk,Retail,PL-Central,Carton,7.86,1.0,3.0,121.0,121.0,15.0,117.9
09/02/2022,MI-026,MiBrand4,Milk-Seg2,Milk,Retail,PL-North,Carton,6.14,0.0,3.0,197.0,205.0,20.0,122.8
09/02/2022,MI-026,MiBrand4,Milk-Seg2,Milk,Retail,PL-South,Single,6.34,0.0,3.0,167.0,167.0,9.0,57.06
09/02/2022,MI-026,MiBrand4,Milk-Seg2,Milk,Discount,PL-Central,Carton,5.78,0.0,1.0,191.0,249.0,13.0,75.14
09/02/2022,MI-026,MiBrand4,Milk-Seg2,Milk,Discount,PL-North,Multipack,7.47,0.0,2.0,123.0,190.0,9.0,67.23
09/02/2022,MI-026,MiBrand4,Milk-Seg2,Milk,Discount,PL-South,Carton,3.53,0.0,3.0,107.0,151.0,9.0,31.77
09/02/2022,MI-026,MiBrand4,Milk-Seg2,Milk,E-commerce,PL-Central,Single,6.94,0.0,3.0,139.0,163.0,11.0,76.34
09/02/2022,MI-026,MiBrand4,Milk-Seg2,Milk,E-commerce,PL-North,Carton,4.24,1.0,3.0,161.0,164.0,21.0,89.04
10/02/2022,MI-006,MiBrand1,Milk-Seg3,Milk,Retail,PL-North,Carton,5.54,1.0,4.0,178.0,175.0,27.0,149.58
10/02/2022,MI-006,MiBrand1,Milk-Seg3,Milk,Retail,PL-South,Single,1.75,0.0,5.0,227.0,221.0,13.0,22.75
10/02/2022,MI-006,MiBrand1,Milk-Seg3,Milk,Discount,PL-Central,Single,2.27,0.0,5.0,194.0,223.0,10.0,22.7
10/02/2022,MI-006,MiBrand1,Milk-Seg3,Milk,Discount,PL-North,Single,7.14,0.0,1.0,352.0,295.0,25.0,178.5
10/02/2022,MI-006,MiBrand1,Milk-Seg3,Milk,E-commerce,PL-Central,Multipack,2.66,0.0,4.0,146.0,184.0,11.0,29.26
10/02/2022,MI-006,MiBrand1,Milk-Seg3,Milk,E-commerce,PL-North,Multipack,4.03,0.0,2.0,130.0,152.0,10.0,40.3
10/02/2022,MI-006,MiBrand1,Milk-Seg3,Milk,E-commerce,PL-South,Carton,4.76,0.0,5.0,151.0,153.0,9.0,42.84
10/02/2022,MI-026,MiBrand4,Milk-Seg2,Milk,Retail,PL-Central,Carton,2.76,1.0,5.0,188.0,233.0,20.0,55.2
10/02/2022,MI-026,MiBrand4,Milk-Seg2,Milk,Retail,PL-North,Multipack,3.77,0.0,4.0,102.0,114.0,7.0,26.39
10/02/2022,MI-026,MiBrand4,Milk-Seg2,Milk,Retail,PL-South,Carton,6.54,0.0,4.0,145.0,169.0,15.0,98.1
10/02/2022,MI-026,MiBrand4,Milk-Seg2,Milk,Discount,PL-Central,Multipack,3.57,0.0,5.0,206.0,179.0,9.0,32.13
10/02/2022,MI-026,MiBrand4,Milk-Seg2,Milk,Discount,PL-North,Single,4.24,0.0,3.0,112.0,140.0,12.0,50.88
10/02/2022,MI-026,MiBrand4,Milk-Seg2,Milk,E-commerce,PL-Central,Single,6.42,1.0,5.0,181.0,169.0,22.0,141.24
10/02/2022,MI-026,MiBrand4,Milk-Seg2,Milk,E-commerce,PL-North,Single,4.94,0.0,4.0,125.0,135.0,11.0,54.34
11/02/2022,MI-006,MiBrand1,Milk-Seg3,Milk,Retail,PL-Central,Carton,3.65,0.0,5.0,178.0,160.0,16.0,58.4
11/02/2022,MI-006,MiBrand1,Milk-Seg3,Milk,Retail,PL-South,Carton,8.81,0.0,5.0,184.0,181.0,9.0,79.29
11/02/2022,MI-006,MiBrand1,Milk-Seg3,Milk,Discount,PL-Central,Single,3.66,0.0,3.0,121.0,155.0,7.0,25.62
11/02/2022,MI-006,MiBrand1,Milk-Seg3,Milk,Discount,PL-North,Carton,4.3,0.0,3.0,167.0,168.0,12.0,51.6
11/02/2022,MI-006,MiBrand1,Milk-Seg3,Milk,Discount,PL-South,Multipack,8.13,0.0,4.0,230.0,222.0,14.0,113.82
11/02/2022,MI-006,MiBrand1,Milk-Seg3,Milk,E-commerce,PL-Central,Carton,8.43,0.0,5.0,238.0,209.0,17.0,143.31
11/02/2022,MI-006,MiBrand1,Milk-Seg3,Milk,E-commerce,PL-North,Carton,3.81,0.0,2.0,168.0,192.0,17.0,64.77
11/02/2022,MI-006,MiBrand1,Milk-Seg3,Milk,E-commerce,PL-South,Single,4.94,0.0,5.0,131.0,175.0,7.0,34.58
11/02/2022,MI-026,MiBrand4,Milk-Seg2,Milk,Retail,PL-North,Multipack,3.17,0.0,2.0,232.0,218.0,21.0,66.57
11/02/2022,MI-026,MiBrand4,Milk-Seg2,Milk,Retail,PL-South,Carton,2.18,0.0,1.0,237.0,205.0,18.0,39.24
11/02/2022,MI-026,MiBrand4,Milk-Seg2,Milk,Discount,PL-Central,Multipack,8.94,0.0,1.0,157.0,167.0,8.0,71.52
11/02/2022,MI-026,MiBrand4,Milk-Seg2,Milk,Discount,PL-North,Multipack,3.01,0.0,1.0,120.0,136.0,6.0,18.06
11/02/2022,MI-026,MiBrand4,Milk-Seg2,Milk,Discount,PL-South,Carton,7.63,0.0,5.0,104.0,136.0,9.0,68.67
11/02/2022,MI-026,MiBrand4,Milk-Seg2,Milk,E-commerce,PL-Central,Multipack,2.82,0.0,1.0,174.0,177.0,13.0,36.66
11/02/2022,MI-026,MiBrand4,Milk-Seg2,Milk,E-commerce,PL-North,Single,6.0,0.0,5.0,142.0,173.0,4.0,24.0
11/02/2022,MI-026,MiBrand4,Milk-Seg2,Milk,E-commerce,PL-South,Carton,2.21,0.0,1.0,183.0,162.0,18.0,39.78
12/02/2022,MI-006,MiBrand1,Milk-Seg3,Milk,Retail,PL-Central,Single,3.35,0.0,3.0,147.0,142.0,9.0,30.15
12/02/2022,MI-006,MiBrand1,Milk-Seg3,Milk,Retail,PL-North,Carton,1.59,1.0,4.0,128.0,143.0,19.0,30.21
12/02/2022,MI-006,MiBrand1,Milk-Seg3,Milk,Retail,PL-South,Carton,1.54,1.0,3.0,132.0,153.0,17.0,26.18
12/02/2022,MI-006,MiBrand1,Milk-Seg3,Milk,Discount,PL-Central,Multipack,7.79,0.0,5.0,172.0,152.0,16.0,124.64
12/02/2022,MI-006,MiBrand1,Milk-Seg3,Milk,Discount,PL-North,Multipack,5.11,0.0,4.0,179.0,193.0,12.0,61.32
12/02/2022,MI-006,MiBrand1,Milk-Seg3,Milk,E-commerce,PL-Central,Carton,3.12,1.0,4.0,220.0,220.0,36.0,112.32
12/02/2022,MI-006,MiBrand1,Milk-Seg3,Milk,E-commerce,PL-North,Multipack,2.61,0.0,4.0,198.0,166.0,12.0,31.32
12/02/2022,MI-026,MiBrand4,Milk-Seg2,Milk,Retail,PL-Central,Multipack,5.9,1.0,5.0,0.0,142.0,0.0,0.0
12/02/2022,MI-026,MiBrand4,Milk-Seg2,Milk,Retail,PL-North,Multipack,6.19,0.0,4.0,206.0,186.0,15.0,92.85
12/02/2022,MI-026,MiBrand4,Milk-Seg2,Milk,Retail,PL-South,Carton,5.61,0.0,4.0,94.0,89.0,6.0,33.66
12/02/2022,MI-026,MiBrand4,Milk-Seg2,Milk,Discount,PL-Central,Multipack,7.95,0.0,2.0,257.0,218.0,21.0,166.95
12/02/2022,MI-026,MiBrand4,Milk-Seg2,Milk,Discount,PL-North,Multipack,7.01,0.0,5.0,115.0,188.0,6.0,42.06
12/02/2022,MI-026,MiBrand4,Milk-Seg2,Milk,Discount,PL-South,Carton,1.79,0.0,4.0,0.0,174.0,0.0,0.0
12/02/2022,MI-026,MiBrand4,Milk-Seg2,Milk,E-commerce,PL-South,Multipack,6.64,1.0,5.0,117.0,156.0,21.0,139.44
13/02/2022,MI-006,MiBrand1,Milk-Seg3,Milk,Retail,PL-Central,Single,8.86,0.0,5.0,128.0,173.0,10.0,88.6
13/02/2022,MI-006,MiBrand1,Milk-Seg3,Milk,Retail,PL-North,Multipack,8.85,1.0,3.0,143.0,185.0,20.0,177.0
13/02/2022,MI-006,MiBrand1,Milk-Seg3,Milk,Retail,PL-South,Multipack,5.05,0.0,4.0,0.0,156.0,0.0,0.0
13/02/2022,MI-006,MiBrand1,Milk-Seg3,Milk,Discount,PL-Central,Carton,7.77,0.0,3.0,204.0,248.0,15.0,116.55
13/02/2022,MI-006,MiBrand1,Milk-Seg3,Milk,Discount,PL-North,Single,3.75,0.0,4.0,156.0,149.0,11.0,41.25
13/02/2022,MI-006,MiBrand1,Milk-Seg3,Milk,Discount,PL-South,Single,6.02,0.0,5.0,185.0,259.0,15.0,90.3
13/02/2022,MI-006,MiBrand1,Milk-Seg3,Milk,E-commerce,PL-Central,Single,5.49,0.0,3.0,154.0,147.0,17.0,93.33
13/02/2022,MI-006,MiBrand1,Milk-Seg3,Milk,E-commerce,PL-North,Carton,4.79,0.0,5.0,119.0,172.0,7.0,33.53
13/02/2022,MI-006,MiBrand1,Milk-Seg3,Milk,E-commerce,PL-South,Single,8.4,0.0,1.0,98.0,141.0,11.0,92.4
13/02/2022,MI-026,MiBrand4,Milk-Seg2,Milk,Retail,PL-Central,Carton,6.63,0.0,4.0,144.0,198.0,12.0,79.56
13/02/2022,MI-026,MiBrand4,Milk-Seg2,Milk,Retail,PL-North,Multipack,4.13,1.0,4.0,88.0,129.0,15.0,61.95
13/02/2022,MI-026,MiBrand4,Milk-Seg2,Milk,Discount,PL-Central,Single,2.91,0.0,1.0,131.0,207.0,12.0,34.92
13/02/2022,MI-026,MiBrand4,Milk-Seg2,Milk,Discount,PL-North,Carton,7.11,0.0,2.0,144.0,225.0,7.0,49.77
13/02/2022,MI-026,MiBrand4,Milk-Seg2,Milk,Discount,PL-South,Multipack,5.2,0.0,1.0,131.0,128.0,11.0,57.2
13/02/2022,MI-026,MiBrand4,Milk-Seg2,Milk,E-commerce,PL-Central,Carton,7.25,0.0,1.0,137.0,161.0,10.0,72.5
13/02/2022,MI-026,MiBrand4,Milk-Seg2,Milk,E-commerce,PL-North,Carton,4.52,0.0,4.0,175.0,201.0,20.0,90.4
14/02/2022,MI-006,MiBrand1,Milk-Seg3,Milk,Retail,PL-Central,Carton,4.19,0.0,1.0,116.0,144.0,10.0,41.9
14/02/2022,MI-006,MiBrand1,Milk-Seg3,Milk,Discount,PL-Central,Single,8.26,0.0,4.0,96.0,109.0,5.0,41.3
14/02/2022,MI-006,MiBrand1,Milk-Seg3,Milk,Discount,PL-North,Single,3.54,1.0,1.0,164.0,139.0,21.0,74.34
14/02/2022,MI-006,MiBrand1,Milk-Seg3,Milk,Discount,PL-South,Single,2.08,1.0,1.0,267.0,239.0,34.0,70.72
14/02/2022,MI-006,MiBrand1,Milk-Seg3,Milk,E-commerce,PL-Central,Carton,3.0,0.0,2.0,182.0,219.0,14.0,42.0
14/02/2022,MI-006,MiBrand1,Milk-Seg3,Milk,E-commerce,PL-North,Carton,2.32,0.0,3.0,98.0,106.0,8.0,18.56
14/02/2022,MI-006,MiBrand1,Milk-Seg3,Milk,E-commerce,PL-South,Single,1.6,0.0,1.0,121.0,160.0,11.0,17.6
14/02/2022,MI-026,MiBrand4,Milk-Seg2,Milk,Retail,PL-North,Carton,8.76,0.0,5.0,204.0,242.0,11.0,96.36
14/02/2022,MI-026,MiBrand4,Milk-Seg2,Milk,Retail,PL-South,Single,5.3,0.0,3.0,126.0,164.0,8.0,42.4
14/02/2022,MI-026,MiBrand4,Milk-Seg2,Milk,Discount,PL-Central,Carton,7.94,0.0,1.0,158.0,154.0,10.0,79.4
14/02/2022,MI-026,MiBrand4,Milk-Seg2,Milk,Discount,PL-North,Single,4.79,0.0,4.0,86.0,134.0,9.0,43.11
14/02/2022,MI-026,MiBrand4,Milk-Seg2,Milk,Discount,PL-South,Multipack,6.77,0.0,1.0,70.0,91.0,4.0,27.08
14/02/2022,MI-026,MiBrand4,Milk-Seg2,Milk,E-commerce,PL-Central,Multipack,6.57,0.0,3.0,178.0,209.0,9.0,59.13
14/02/2022,MI-026,MiBrand4,Milk-Seg2,Milk,E-commerce,PL-North,Single,2.53,0.0,2.0,89.0,79.0,8.0,20.24
14/02/2022,MI-026,MiBrand4,Milk-Seg2,Milk,E-commerce,PL-South,Carton,7.32,0.0,4.0,181.0,210.0,12.0,87.84
15/02/2022,MI-006,MiBrand1,Milk-Seg3,Milk,Retail,PL-North,Multipack,5.11,0.0,5.0,146.0,206.0,11.0,56.21
15/02/2022,MI-006,MiBrand1,Milk-Seg3,Milk,Retail,PL-South,Single,6.07,0.0,1.0,154.0,168.0,12.0,72.84
15/02/2022,MI-006,MiBrand1,Milk-Seg3,Milk,Discount,PL-Central,Multipack,5.13,0.0,4.0,229.0,198.0,16.0,82.08
15/02/2022,MI-006,MiBrand1,Milk-Seg3,Milk,Discount,PL-North,Carton,4.8,0.0,1.0,110.0,161.0,6.0,28.8
15/02/2022,MI-006,MiBrand1,Milk-Seg3,Milk,Discount,PL-South,Single,6.14,0.0,1.0,152.0,172.0,8.0,49.12
15/02/2022,MI-006,MiBrand1,Milk-Seg3,Milk,E-commerce,PL-Central,Carton,1.97,0.0,3.0,132.0,148.0,12.0,23.64
15/02/2022,MI-006,MiBrand1,Milk-Seg3,Milk,E-commerce,PL-North,Single,7.3,1.0,5.0,150.0,239.0,14.0,102.2
15/02/2022,MI-006,MiBrand1,Milk-Seg3,Milk,E-commerce,PL-South,Single,8.81,0.0,1.0,242.0,204.0,17.0,149.77
15/02/2022,MI-026,MiBrand4,Milk-Seg2,Milk,Retail,PL-Central,Multipack,5.55,0.0,3.0,113.0,139.0,9.0,49.95
15/02/2022,MI-026,MiBrand4,Milk-Seg2,Milk,Retail,PL-North,Multipack,7.57,0.0,3.0,186.0,200.0,11.0,83.27
15/02/2022,MI-026,MiBrand4,Milk-Seg2,Milk,Retail,PL-South,Multipack,2.14,0.0,5.0,97.0,92.0,5.0,10.7
15/02/2022,MI-026,MiBrand4,Milk-Seg2,Milk,Discount,PL-South,Multipack,8.89,0.0,5.0,106.0,125.0,5.0,44.45
15/02/2022,MI-026,MiBrand4,Milk-Seg2,Milk,E-commerce,PL-Central,Carton,3.17,0.0,2.0,111.0,154.0,9.0,28.53
15/02/2022,MI-026,MiBrand4,Milk-Seg2,Milk,E-commerce,PL-North,Single,6.41,0.0,3.0,76.0,121.0,8.0,51.28
15/02/2022,MI-026,MiBrand4,Milk-Seg2,Milk,E-commerce,PL-South,Carton,5.41,0.0,1.0,159.0,162.0,8.0,43.28
16/02/2022,MI-006,MiBrand1,Milk-Seg3,Milk,Retail,PL-North,Multipack,2.96,0.0,2.0,158.0,145.0,5.0,14.8
16/02/2022,MI-006,MiBrand1,Milk-Seg3,Milk,Retail,PL-South,Carton,2.78,0.0,2.0,167.0,195.0,14.0,38.92
16/02/2022,MI-006,MiBrand1,Milk-Seg3,Milk,Discount,PL-Central,Carton,4.82,0.0,2.0,144.0,181.0,7.0,33.74
16/02/2022,MI-006,MiBrand1,Milk-Seg3,Milk,Discount,PL-South,Carton,2.57,0.0,3.0,183.0,191.0,17.0,43.69
16/02/2022,MI-006,MiBrand1,Milk-Seg3,Milk,E-commerce,PL-Central,Single,8.25,0.0,4.0,212.0,275.0,18.0,148.5
16/02/2022,MI-006,MiBrand1,Milk-Seg3,Milk,E-commerce,PL-North,Single,1.5,0.0,2.0,153.0,153.0,10.0,15.0
16/02/2022,MI-006,MiBrand1,Milk-Seg3,Milk,E-commerce,PL-South,Carton,2.04,1.0,4.0,204.0,207.0,27.0,55.08
16/02/2022,MI-026,MiBrand4,Milk-Seg2,Milk,Retail,PL-North,Single,5.02,1.0,5.0,102.0,152.0,24.0,120.48
16/02/2022,MI-026,MiBrand4,Milk-Seg2,Milk,Retail,PL-South,Multipack,8.14,0.0,5.0,135.0,177.0,7.0,56.98
16/02/2022,MI-026,MiBrand4,Milk-Seg2,Milk,Discount,PL-Central,Carton,7.0,0.0,4.0,129.0,132.0,7.0,49.0
16/02/2022,MI-026,MiBrand4,Milk-Seg2,Milk,Discount,PL-North,Multipack,2.48,0.0,3.0,193.0,210.0,13.0,32.24
16/02/2022,MI-026,MiBrand4,Milk-Seg2,Milk,Discount,PL-South,Carton,6.91,0.0,5.0,121.0,142.0,7.0,48.37
16/02/2022,MI-026,MiBrand4,Milk-Seg2,Milk,E-commerce,PL-South,Single,7.67,1.0,3.0,144.0,214.0,25.0,191.75
17/02/2022,MI-006,MiBrand1,Milk-Seg3,Milk,Retail,PL-Central,Multipack,6.31,1.0,3.0,142.0,200.0,16.0,100.96
17/02/2022,MI-006,MiBrand1,Milk-Seg3,Milk,Retail,PL-North,Single,5.7,0.0,2.0,187.0,177.0,12.0,68.4
17/02/2022,MI-006,MiBrand1,Milk-Seg3,Milk,Retail,PL-South,Single,1.56,0.0,2.0,110.0,166.0,8.0,12.48
17/02/2022,MI-006,MiBrand1,Milk-Seg3,Milk,Discount,PL-Central,Multipack,5.77,1.0,1.0,138.0,210.0,17.0,98.09
17/02/2022,MI-006,MiBrand1,Milk-Seg3,Milk,Discount,PL-South,Single,8.27,0.0,2.0,205.0,212.0,15.0,124.05
17/02/2022,MI-006,MiBrand1,Milk-Seg3,Milk,E-commerce,PL-Central,Single,4.62,0.0,4.0,131.0,162.0,10.0,46.2
17/02/2022,MI-006,MiBrand1,Milk-Seg3,Milk,E-commerce,PL-North,Carton,4.16,1.0,3.0,120.0,146.0,16.0,66.56
17/02/2022,MI-006,MiBrand1,Milk-Seg3,Milk,E-commerce,PL-South,Carton,7.68,0.0,2.0,107.0,143.0,9.0,69.12
17/02/2022,MI-026,MiBrand4,Milk-Seg2,Milk,Retail,PL-Central,Single,8.85,1.0,2.0,197.0,176.0,29.0,256.65
17/02/2022,MI-026,MiBrand4,Milk-Seg2,Milk,Retail,PL-North,Single,8.79,1.0,3.0,147.0,180.0,27.0,237.33
17/02/2022,MI-026,MiBrand4,Milk-Seg2,Milk,Retail,PL-South,Carton,5.79,1.0,1.0,147.0,171.0,20.0,115.8
17/02/2022,MI-026,MiBrand4,Milk-Seg2,Milk,Discount,PL-Central,Single,6.02,0.0,1.0,177.0,150.0,11.0,66.22
17/02/2022,MI-026,MiBrand4,Milk-Seg2,Milk,Discount,PL-North,Carton,8.91,0.0,3.0,114.0,130.0,9.0,80.19
17/02/2022,MI-026,MiBrand4,Milk-Seg2,Milk,E-commerce,PL-Central,Carton,8.23,0.0,5.0,207.0,223.0,15.0,123.45
17/02/2022,MI-026,MiBrand4,Milk-Seg2,Milk,E-commerce,PL-South,Multipack,6.92,0.0,2.0,201.0,183.0,12.0,83.04
18/02/2022,MI-006,MiBrand1,Milk-Seg3,Milk,Retail,PL-Central,Multipack,6.26,0.0,2.0,0.0,235.0,0.0,0.0
18/02/2022,MI-006,MiBrand1,Milk-Seg3,Milk,Retail,PL-North,Multipack,7.87,0.0,1.0,112.0,160.0,7.0,55.09
18/02/2022,MI-006,MiBrand1,Milk-Seg3,Milk,Retail,PL-South,Single,4.45,0.0,3.0,148.0,177.0,12.0,53.4
18/02/2022,MI-006,MiBrand1,Milk-Seg3,Milk,Discount,PL-South,Multipack,3.53,0.0,1.0,164.0,204.0,9.0,31.77
18/02/2022,MI-006,MiBrand1,Milk-Seg3,Milk,E-commerce,PL-Central,Carton,4.96,1.0,5.0,0.0,154.0,0.0,0.0
18/02/2022,MI-006,MiBrand1,Milk-Seg3,Milk,E-commerce,PL-North,Carton,2.69,0.0,4.0,213.0,214.0,13.0,34.97
18/02/2022,MI-006,MiBrand1,Milk-Seg3,Milk,E-commerce,PL-South,Carton,2.33,0.0,5.0,141.0,118.0,12.0,27.96
18/02/2022,MI-026,MiBrand4,Milk-Seg2,Milk,Retail,PL-Central,Multipack,2.04,1.0,2.0,177.0,206.0,32.0,65.28
18/02/2022,MI-026,MiBrand4,Milk-Seg2,Milk,Retail,PL-North,Single,5.44,1.0,1.0,200.0,175.0,33.0,179.52
18/02/2022,MI-026,MiBrand4,Milk-Seg2,Milk,Retail,PL-South,Multipack,5.5,0.0,2.0,175.0,222.0,9.0,49.5
18/02/2022,MI-026,MiBrand4,Milk-Seg2,Milk,Discount,PL-Central,Multipack,8.32,0.0,5.0,176.0,231.0,11.0,91.52
18/02/2022,MI-026,MiBrand4,Milk-Seg2,Milk,Discount,PL-North,Single,1.57,1.0,4.0,161.0,245.0,36.0,56.52
18/02/2022,MI-026,MiBrand4,Milk-Seg2,Milk,Discount,PL-South,Single,2.94,0.0,4.0,196.0,204.0,12.0,35.28
18/02/2022,MI-026,MiBrand4,Milk-Seg2,Milk,E-commerce,PL-Central,Carton,6.75,0.0,1.0,103.0,154.0,4.0,27.0
18/02/2022,MI-026,MiBrand4,Milk-Seg2,Milk,E-commerce,PL-North,Carton,6.74,0.0,2.0,144.0,207.0,10.0,67.4
18/02/2022,MI-026,MiBrand4,Milk-Seg2,Milk,E-commerce,PL-South,Multipack,7.32,0.0,5.0,175.0,163.0,17.0,124.44
19/02/2022,MI-006,MiBrand1,Milk-Seg3,Milk,Retail,PL-Central,Multipack,3.12,1.0,2.0,123.0,176.0,18.0,56.16
19/02/2022,MI-006,MiBrand1,Milk-Seg3,Milk,Retail,PL-North,Multipack,8.47,1.0,5.0,193.0,174.0,25.0,211.75
19/02/2022,MI-006,MiBrand1,Milk-Seg3,Milk,Retail,PL-South,Single,3.08,0.0,3.0,197.0,211.0,14.0,43.12
19/02/2022,MI-006,MiBrand1,Milk-Seg3,Milk,Discount,PL-Central,Carton,4.29,0.0,5.0,186.0,185.0,16.0,68.64
19/02/2022,MI-006,MiBrand1,Milk-Seg3,Milk,Discount,PL-North,Multipack,3.65,0.0,5.0,110.0,128.0,6.0,21.9
19/02/2022,MI-006,MiBrand1,Milk-Seg3,Milk,E-commerce,PL-Central,Carton,5.02,0.0,4.0,162.0,157.0,11.0,55.22
19/02/2022,MI-006,MiBrand1,Milk-Seg3,Milk,E-commerce,PL-North,Carton,5.44,0.0,1.0,77.0,90.0,9.0,48.96
19/02/2022,MI-006,MiBrand1,Milk-Seg3,Milk,E-commerce,PL-South,Multipack,8.48,0.0,2.0,180.0,197.0,15.0,127.2
19/02/2022,MI-026,MiBrand4,Milk-Seg2,Milk,Retail,PL-Central,Multipack,5.52,0.0,1.0,156.0,182.0,11.0,60.72
19/02/2022,MI-026,MiBrand4,Milk-Seg2,Milk,Retail,PL-North,Multipack,2.21,0.0,3.0,199.0,234.0,14.0,30.94
19/02/2022,MI-026,MiBrand4,Milk-Seg2,Milk,Retail,PL-South,Carton,6.54,0.0,3.0,95.0,100.0,5.0,32.7
19/02/2022,MI-026,MiBrand4,Milk-Seg2,Milk,Discount,PL-Central,Single,6.35,0.0,4.0,139.0,161.0,11.0,69.85
19/02/2022,MI-026,MiBrand4,Milk-Seg2,Milk,Discount,PL-South,Multipack,8.24,0.0,4.0,200.0,209.0,24.0,197.76
19/02/2022,MI-026,MiBrand4,Milk-Seg2,Milk,E-commerce,PL-Central,Carton,6.19,0.0,4.0,228.0,209.0,9.0,55.71
19/02/2022,MI-026,MiBrand4,Milk-Seg2,Milk,E-commerce,PL-North,Carton,1.53,1.0,2.0,135.0,161.0,16.0,24.48
19/02/2022,MI-026,MiBrand4,Milk-Seg2,Milk,E-commerce,PL-South,Multipack,1.67,0.0,4.0,122.0,168.0,8.0,13.36
20/02/2022,MI-006,MiBrand1,Milk-Seg3,Milk,Retail,PL-Central,Single,8.26,0.0,2.0,173.0,171.0,19.0,156.94
20/02/2022,MI-006,MiBrand1,Milk-Seg3,Milk,Retail,PL-North,Multipack,8.16,0.0,2.0,193.0,183.0,18.0,146.88
20/02/2022,MI-006,MiBrand1,Milk-Seg3,Milk,Retail,PL-South,Multipack,8.57,0.0,5.0,217.0,222.0,15.0,128.55
20/02/2022,MI-006,MiBrand1,Milk-Seg3,Milk,Discount,PL-Central,Multipack,8.35,0.0,4.0,169.0,186.0,12.0,100.2
20/02/2022,MI-006,MiBrand1,Milk-Seg3,Milk,Discount,PL-North,Multipack,1.64,0.0,4.0,154.0,145.0,11.0,18.04
20/02/2022,MI-006,MiBrand1,Milk-Seg3,Milk,E-commerce,PL-Central,Single,3.31,1.0,5.0,195.0,186.0,21.0,69.51
20/02/2022,MI-006,MiBrand1,Milk-Seg3,Milk,E-commerce,PL-North,Multipack,8.48,0.0,1.0,165.0,201.0,17.0,144.16
20/02/2022,MI-006,MiBrand1,Milk-Seg3,Milk,E-commerce,PL-South,Single,5.0,0.0,3.0,185.0,170.0,12.0,60.0
20/02/2022,MI-026,MiBrand4,Milk-Seg2,Milk,Retail,PL-North,Carton,8.16,0.0,2.0,106.0,164.0,8.0,65.28
20/02/2022,MI-026,MiBrand4,Milk-Seg2,Milk,Retail,PL-South,Multipack,6.65,1.0,5.0,166.0,175.0,18.0,119.7
20/02/2022,MI-026,MiBrand4,Milk-Seg2,Milk,Discount,PL-Central,Carton,6.17,0.0,3.0,158.0,182.0,13.0,80.21
20/02/2022,MI-026,MiBrand4,Milk-Seg2,Milk,Discount,PL-North,Carton,8.22,0.0,3.0,171.0,171.0,9.0,73.98
20/02/2022,MI-026,MiBrand4,Milk-Seg2,Milk,Discount,PL-South,Carton,5.4,0.0,2.0,252.0,246.0,18.0,97.2
20/02/2022,MI-026,MiBrand4,Milk-Seg2,Milk,E-commerce,PL-North,Multipack,2.94,0.0,4.0,99.0,146.0,7.0,20.58
20/02/2022,MI-026,MiBrand4,Milk-Seg2,Milk,E-commerce,PL-South,Single,7.34,0.0,2.0,119.0,164.0,8.0,58.72
21/02/2022,MI-006,MiBrand1,Milk-Seg3,Milk,Retail,PL-Central,Carton,1.77,0.0,2.0,188.0,165.0,14.0,24.78
21/02/2022,MI-006,MiBrand1,Milk-Seg3,Milk,Retail,PL-North,Multipack,7.88,0.0,5.0,82.0,83.0,6.0,47.28
21/02/2022,MI-006,MiBrand1,Milk-Seg3,Milk,Retail,PL-South,Single,6.86,0.0,2.0,158.0,150.0,13.0,89.18
21/02/2022,MI-006,MiBrand1,Milk-Seg3,Milk,Discount,PL-Central,Multipack,7.09,0.0,2.0,82.0,136.0,10.0,70.9
21/02/2022,MI-006,MiBrand1,Milk-Seg3,Milk,Discount,PL-North,Single,2.01,1.0,1.0,190.0,164.0,44.0,88.44
21/02/2022,MI-006,MiBrand1,Milk-Seg3,Milk,Discount,PL-South,Single,5.51,0.0,1.0,128.0,142.0,12.0,66.12
21/02/2022,MI-006,MiBrand1,Milk-Seg3,Milk,E-commerce,PL-North,Single,2.46,0.0,2.0,132.0,173.0,9.0,22.14
21/02/2022,MI-006,MiBrand1,Milk-Seg3,Milk,E-commerce,PL-South,Carton,6.67,1.0,2.0,109.0,172.0,17.0,113.39
21/02/2022,MI-026,MiBrand4,Milk-Seg2,Milk,Retail,PL-Central,Carton,6.68,0.0,3.0,149.0,205.0,9.0,60.12
21/02/2022,MI-026,MiBrand4,Milk-Seg2,Milk,Retail,PL-North,Single,2.41,1.0,2.0,176.0,254.0,31.0,74.71
21/02/2022,MI-026,MiBrand4,Milk-Seg2,Milk,Retail,PL-South,Carton,4.29,0.0,2.0,84.0,132.0,6.0,25.74
21/02/2022,MI-026,MiBrand4,Milk-Seg2,Milk,Discount,PL-Central,Multipack,5.33,0.0,4.0,113.0,161.0,10.0,53.3
21/02/2022,MI-026,MiBrand4,Milk-Seg2,Milk,Discount,PL-North,Carton,6.33,0.0,4.0,179.0,159.0,16.0,101.28
21/02/2022,MI-026,MiBrand4,Milk-Seg2,Milk,E-commerce,PL-Central,Carton,5.96,0.0,3.0,238.0,257.0,11.0,65.56
21/02/2022,MI-026,MiBrand4,Milk-Seg2,Milk,E-commerce,PL-North,Carton,1.77,0.0,2.0,179.0,174.0,16.0,28.32
21/02/2022,MI-026,MiBrand4,Milk-Seg2,Milk,E-commerce,PL-South,Single,2.47,0.0,1.0,204.0,186.0,22.0,54.34
22/02/2022,MI-006,MiBrand1,Milk-Seg3,Milk,Retail,PL-Central,Single,5.66,0.0,2.0,0.0,210.0,0.0,0.0
22/02/2022,MI-006,MiBrand1,Milk-Seg3,Milk,Retail,PL-North,Multipack,3.34,0.0,3.0,107.0,134.0,8.0,26.72
22/02/2022,MI-006,MiBrand1,Milk-Seg3,Milk,Retail,PL-South,Single,4.33,0.0,4.0,144.0,145.0,10.0,43.3
22/02/2022,MI-006,MiBrand1,Milk-Seg3,Milk,Discount,PL-Central,Single,7.79,0.0,2.0,125.0,128.0,9.0,70.11
22/02/2022,MI-006,MiBrand1,Milk-Seg3,Milk,Discount,PL-North,Single,7.01,0.0,3.0,224.0,206.0,10.0,70.1
22/02/2022,MI-006,MiBrand1,Milk-Seg3,Milk,Discount,PL-South,Single,4.1,0.0,4.0,111.0,167.0,5.0,20.5
22/02/2022,MI-006,MiBrand1,Milk-Seg3,Milk,E-commerce,PL-North,Carton,3.53,0.0,4.0,166.0,258.0,11.0,38.83
22/02/2022,MI-006,MiBrand1,Milk-Seg3,Milk,E-commerce,PL-South,Multipack,2.25,1.0,4.0,78.0,130.0,13.0,29.25
22/02/2022,MI-026,MiBrand4,Milk-Seg2,Milk,Retail,PL-Central,Single,4.81,0.0,4.0,147.0,132.0,7.0,33.67
22/02/2022,MI-026,MiBrand4,Milk-Seg2,Milk,Retail,PL-North,Single,7.0,1.0,1.0,138.0,119.0,14.0,98.0
22/02/2022,MI-026,MiBrand4,Milk-Seg2,Milk,Retail,PL-South,Carton,3.05,0.0,5.0,111.0,129.0,12.0,36.6
22/02/2022,MI-026,MiBrand4,Milk-Seg2,Milk,Discount,PL-Central,Single,1.82,0.0,5.0,153.0,160.0,16.0,29.12
22/02/2022,MI-026,MiBrand4,Milk-Seg2,Milk,Discount,PL-North,Multipack,1.82,0.0,2.0,124.0,150.0,12.0,21.84
22/02/2022,MI-026,MiBrand4,Milk-Seg2,Milk,Discount,PL-South,Single,8.69,0.0,2.0,190.0,172.0,16.0,139.04
22/02/2022,MI-026,MiBrand4,Milk-Seg2,Milk,E-commerce,PL-Central,Single,5.81,0.0,1.0,184.0,199.0,12.0,69.72
22/02/2022,MI-026,MiBrand4,Milk-Seg2,Milk,E-commerce,PL-North,Carton,2.66,0.0,1.0,273.0,236.0,20.0,53.2
22/02/2022,MI-026,MiBrand4,Milk-Seg2,Milk,E-commerce,PL-South,Single,2.51,0.0,1.0,0.0,185.0,0.0,0.0
23/02/2022,MI-006,MiBrand1,Milk-Seg3,Milk,Retail,PL-Central,Single,7.26,1.0,5.0,157.0,180.0,17.0,123.42
23/02/2022,MI-006,MiBrand1,Milk-Seg3,Milk,Discount,PL-Central,Multipack,5.06,0.0,2.0,0.0,233.0,0.0,0.0
23/02/2022,MI-006,MiBrand1,Milk-Seg3,Milk,Discount,PL-North,Single,4.16,1.0,3.0,126.0,189.0,21.0,87.36
23/02/2022,MI-006,MiBrand1,Milk-Seg3,Milk,Discount,PL-South,Carton,1.64,0.0,2.0,101.0,163.0,6.0,9.84
23/02/2022,MI-006,MiBrand1,Milk-Seg3,Milk,E-commerce,PL-Central,Multipack,8.95,0.0,2.0,176.0,173.0,8.0,71.6
23/02/2022,MI-006,MiBrand1,Milk-Seg3,Milk,E-commerce,PL-North,Multipack,5.85,0.0,5.0,215.0,236.0,12.0,70.2
23/02/2022,MI-006,MiBrand1,Milk-Seg3,Milk,E-commerce,PL-South,Single,4.88,0.0,5.0,104.0,164.0,3.0,14.64
23/02/2022,MI-026,MiBrand4,Milk-Seg2,Milk,Retail,PL-Central,Multipack,5.51,1.0,5.0,151.0,154.0,16.0,88.16
23/02/2022,MI-026,MiBrand4,Milk-Seg2,Milk,Retail,PL-South,Single,5.4,0.0,2.0,134.0,195.0,7.0,37.8
23/02/2022,MI-026,MiBrand4,Milk-Seg2,Milk,Discount,PL-Central,Multipack,7.27,0.0,1.0,151.0,187.0,6.0,43.62
23/02/2022,MI-026,MiBrand4,Milk-Seg2,Milk,Discount,PL-North,Single,2.27,0.0,4.0,153.0,217.0,7.0,15.89
23/02/2022,MI-026,MiBrand4,Milk-Seg2,Milk,Discount,PL-South,Multipack,4.04,0.0,2.0,159.0,175.0,10.0,40.4
23/02/2022,MI-026,MiBrand4,Milk-Seg2,Milk,E-commerce,PL-Central,Carton,8.34,0.0,1.0,194.0,208.0,13.0,108.42
23/02/2022,MI-026,MiBrand4,Milk-Seg2,Milk,E-commerce,PL-North,Multipack,6.0,0.0,5.0,222.0,207.0,16.0,96.0
24/02/2022,MI-006,MiBrand1,Milk-Seg3,Milk,Retail,PL-Central,Single,7.71,0.0,3.0,298.0,267.0,25.0,192.75
24/02/2022,MI-006,MiBrand1,Milk-Seg3,Milk,Retail,PL-North,Multipack,1.97,1.0,5.0,157.0,163.0,38.0,74.86
24/02/2022,MI-006,MiBrand1,Milk-Seg3,Milk,Discount,PL-Central,Carton,6.11,0.0,2.0,47.0,59.0,3.0,18.33
24/02/2022,MI-006,MiBrand1,Milk-Seg3,Milk,Discount,PL-South,Single,6.78,0.0,2.0,143.0,182.0,10.0,67.8
24/02/2022,MI-006,MiBrand1,Milk-Seg3,Milk,E-commerce,PL-North,Single,7.91,0.0,5.0,222.0,232.0,18.0,142.38
24/02/2022,MI-006,MiBrand1,Milk-Seg3,Milk,E-commerce,PL-South,Single,6.84,0.0,4.0,124.0,105.0,9.0,61.56
24/02/2022,MI-026,MiBrand4,Milk-Seg2,Milk,Retail,PL-Central,Carton,7.23,0.0,5.0,112.0,156.0,8.0,57.84
24/02/2022,MI-026,MiBrand4,Milk-Seg2,Milk,Retail,PL-South,Carton,2.7,0.0,5.0,154.0,165.0,13.0,35.1
24/02/2022,MI-026,MiBrand4,Milk-Seg2,Milk,Discount,PL-North,Multipack,3.37,0.0,3.0,202.0,199.0,17.0,57.29
24/02/2022,MI-026,MiBrand4,Milk-Seg2,Milk,Discount,PL-South,Single,8.9,0.0,1.0,151.0,136.0,9.0,80.1
24/02/2022,MI-026,MiBrand4,Milk-Seg2,Milk,E-commerce,PL-Central,Multipack,7.9,0.0,4.0,189.0,208.0,18.0,142.2
24/02/2022,MI-026,MiBrand4,Milk-Seg2,Milk,E-commerce,PL-North,Multipack,5.2,0.0,4.0,304.0,256.0,24.0,124.8
24/02/2022,MI-026,MiBrand4,Milk-Seg2,Milk,E-commerce,PL-South,Carton,4.03,0.0,4.0,200.0,198.0,12.0,48.36
25/02/2022,MI-006,MiBrand1,Milk-Seg3,Milk,Retail,PL-Central,Carton,4.57,0.0,2.0,123.0,133.0,6.0,27.42
25/02/2022,MI-006,MiBrand1,Milk-Seg3,Milk,Retail,PL-North,Multipack,4.71,0.0,4.0,255.0,214.0,18.0,84.78
25/02/2022,MI-006,MiBrand1,Milk-Seg3,Milk,Retail,PL-South,Multipack,4.86,0.0,2.0,200.0,214.0,7.0,34.02
25/02/2022,MI-006,MiBrand1,Milk-Seg3,Milk,Discount,PL-Central,Multipack,3.15,1.0,5.0,122.0,188.0,26.0,81.9
25/02/2022,MI-006,MiBrand1,Milk-Seg3,Milk,Discount,PL-North,Single,3.25,1.0,2.0,129.0,187.0,20.0,65.0
25/02/2022,MI-006,MiBrand1,Milk-Seg3,Milk,Discount,PL-South,Single,1.89,0.0,5.0,240.0,232.0,19.0,35.91
25/02/2022,MI-006,MiBrand1,Milk-Seg3,Milk,E-commerce,PL-North,Multipack,6.3,0.0,5.0,222.0,193.0,14.0,88.2
25/02/2022,MI-006,MiBrand1,Milk-Seg3,Milk,E-commerce,PL-South,Multipack,7.21,0.0,3.0,162.0,177.0,9.0,64.89
25/02/2022,MI-026,MiBrand4,Milk-Seg2,Milk,Retail,PL-Central,Single,5.89,0.0,2.0,98.0,141.0,9.0,53.01
25/02/2022,MI-026,MiBrand4,Milk-Seg2,Milk,Retail,PL-North,Single,2.19,0.0,1.0,185.0,168.0,15.0,32.85
25/02/2022,MI-026,MiBrand4,Milk-Seg2,Milk,Retail,PL-South,Carton,5.2,0.0,3.0,197.0,174.0,16.0,83.2
25/02/2022,MI-026,MiBrand4,Milk-Seg2,Milk,Discount,PL-Central,Multipack,3.5,0.0,5.0,189.0,174.0,13.0,45.5
25/02/2022,MI-026,MiBrand4,Milk-Seg2,Milk,E-commerce,PL-Central,Single,3.15,0.0,3.0,130.0,131.0,11.0,34.65
25/02/2022,MI-026,MiBrand4,Milk-Seg2,Milk,E-commerce,PL-North,Single,2.77,0.0,1.0,155.0,199.0,12.0,33.24
25/02/2022,MI-026,MiBrand4,Milk-Seg2,Milk,E-commerce,PL-South,Single,3.41,0.0,3.0,187.0,179.0,19.0,64.79
26/02/2022,MI-006,MiBrand1,Milk-Seg3,Milk,Retail,PL-Central,Multipack,7.78,1.0,4.0,105.0,160.0,11.0,85.58
26/02/2022,MI-006,MiBrand1,Milk-Seg3,Milk,Retail,PL-South,Carton,6.3,0.0,4.0,202.0,191.0,16.0,100.8
26/02/2022,MI-006,MiBrand1,Milk-Seg3,Milk,Discount,PL-Central,Single,7.01,0.0,3.0,110.0,158.0,8.0,56.08
26/02/2022,MI-006,MiBrand1,Milk-Seg3,Milk,Discount,PL-North,Multipack,5.71,0.0,3.0,134.0,217.0,14.0,79.94
26/02/2022,MI-006,MiBrand1,Milk-Seg3,Milk,E-commerce,PL-Central,Carton,1.61,0.0,5.0,208.0,178.0,17.0,27.37
26/02/2022,MI-006,MiBrand1,Milk-Seg3,Milk,E-commerce,PL-North,Single,3.75,0.0,1.0,101.0,158.0,5.0,18.75
26/02/2022,MI-006,MiBrand1,Milk-Seg3,Milk,E-commerce,PL-South,Multipack,5.81,0.0,1.0,235.0,246.0,8.0,46.48
26/02/2022,MI-026,MiBrand4,Milk-Seg2,Milk,Retail,PL-Central,Carton,4.15,0.0,4.0,103.0,127.0,7.0,29.05
26/02/2022,MI-026,MiBrand4,Milk-Seg2,Milk,Retail,PL-North,Single,7.52,0.0,5.0,108.0,122.0,9.0,67.68
26/02/2022,MI-026,MiBrand4,Milk-Seg2,Milk,Retail,PL-South,Multipack,1.81,1.0,5.0,164.0,176.0,20.0,36.2
26/02/2022,MI-026,MiBrand4,Milk-Seg2,Milk,Discount,PL-Central,Multipack,3.98,0.0,3.0,204.0,187.0,16.0,63.68
26/02/2022,MI-026,MiBrand4,Milk-Seg2,Milk,Discount,PL-North,Single,4.32,1.0,1.0,115.0,174.0,16.0,69.12
26/02/2022,MI-026,MiBrand4,Milk-Seg2,Milk,Discount,PL-South,Carton,5.97,0.0,1.0,226.0,201.0,15.0,89.55
26/02/2022,MI-026,MiBrand4,Milk-Seg2,Milk,E-commerce,PL-Central,Carton,3.63,1.0,5.0,101.0,116.0,17.0,61.71
26/02/2022,MI-026,MiBrand4,Milk-Seg2,Milk,E-commerce,PL-North,Multipack,4.29,0.0,3.0,140.0,230.0,8.0,34.32
26/02/2022,MI-026,MiBrand4,Milk-Seg2,Milk,E-commerce,PL-South,Single,2.88,0.0,4.0,144.0,159.0,8.0,23.04
27/02/2022,MI-006,MiBrand1,Milk-Seg3,Milk,Retail,PL-Central,Single,7.13,0.0,2.0,166.0,257.0,11.0,78.43
27/02/2022,MI-006,MiBrand1,Milk-Seg3,Milk,Retail,PL-North,Single,8.87,0.0,3.0,107.0,177.0,10.0,88.7
27/02/2022,MI-006,MiBrand1,Milk-Seg3,Milk,Retail,PL-South,Multipack,5.86,0.0,1.0,0.0,230.0,0.0,0.0
27/02/2022,MI-006,MiBrand1,Milk-Seg3,Milk,Discount,PL-Central,Single,4.05,1.0,3.0,163.0,184.0,22.0,89.1
27/02/2022,MI-006,MiBrand1,Milk-Seg3,Milk,Discount,PL-South,Single,8.8,1.0,3.0,119.0,134.0,21.0,184.8
27/02/2022,MI-006,MiBrand1,Milk-Seg3,Milk,E-commerce,PL-Central,Multipack,8.75,0.0,5.0,130.0,149.0,8.0,70.0
27/02/2022,MI-006,MiBrand1,Milk-Seg3,Milk,E-commerce,PL-North,Single,3.62,0.0,3.0,180.0,192.0,10.0,36.2
27/02/2022,MI-026,MiBrand4,Milk-Seg2,Milk,Retail,PL-North,Multipack,4.62,0.0,2.0,138.0,182.0,12.0,55.44
27/02/2022,MI-026,MiBrand4,Milk-Seg2,Milk,Retail,PL-South,Single,1.51,0.0,4.0,159.0,181.0,10.0,15.1
27/02/2022,MI-026,MiBrand4,Milk-Seg2,Milk,Discount,PL-Central,Multipack,5.47,0.0,5.0,154.0,196.0,8.0,43.76
27/02/2022,MI-026,MiBrand4,Milk-Seg2,Milk,E-commerce,PL-Central,Carton,5.52,0.0,1.0,110.0,146.0,9.0,49.68
27/02/2022,MI-026,MiBrand4,Milk-Seg2,Milk,E-commerce,PL-North,Multipack,1.84,0.0,2.0,106.0,165.0,6.0,11.04
27/02/2022,MI-026,MiBrand4,Milk-Seg2,Milk,E-commerce,PL-South,Carton,1.8,0.0,4.0,110.0,178.0,10.0,18.0
28/02/2022,MI-006,MiBrand1,Milk-Seg3,Milk,Retail,PL-Central,Multipack,3.35,0.0,1.0,155.0,153.0,9.0,30.15
28/02/2022,MI-006,MiBrand1,Milk-Seg3,Milk,Retail,PL-North,Single,8.66,1.0,5.0,148.0,207.0,16.0,138.56
28/02/2022,MI-006,MiBrand1,Milk-Seg3,Milk,Retail,PL-South,Single,5.19,0.0,5.0,178.0,172.0,13.0,67.47
28/02/2022,MI-006,MiBrand1,Milk-Seg3,Milk,Discount,PL-Central,Carton,3.46,0.0,2.0,107.0,178.0,4.0,13.84
28/02/2022,MI-006,MiBrand1,Milk-Seg3,Milk,Discount,PL-North,Carton,5.1,0.0,4.0,283.0,263.0,26.0,132.6
28/02/2022,MI-006,MiBrand1,Milk-Seg3,Milk,E-commerce,PL-North,Multipack,1.85,0.0,2.0,157.0,164.0,13.0,24.05
28/02/2022,MI-006,MiBrand1,Milk-Seg3,Milk,E-commerce,PL-South,Carton,3.31,0.0,2.0,140.0,169.0,14.0,46.34
28/02/2022,MI-026,MiBrand4,Milk-Seg2,Milk,Retail,PL-North,Multipack,8.85,0.0,4.0,122.0,179.0,9.0,79.65
28/02/2022,MI-026,MiBrand4,Milk-Seg2,Milk,Retail,PL-South,Multipack,1.57,0.0,4.0,187.0,189.0,16.0,25.12
28/02/2022,MI-026,MiBrand4,Milk-Seg2,Milk,Discount,PL-Central,Single,6.44,1.0,3.0,203.0,185.0,38.0,244.72
28/02/2022,MI-026,MiBrand4,Milk-Seg2,Milk,Discount,PL-North,Single,4.4,0.0,1.0,0.0,153.0,0.0,0.0
28/02/2022,MI-026,MiBrand4,Milk-Seg2,Milk,Discount,PL-South,Multipack,3.25,0.0,4.0,149.0,228.0,8.0,26.0
28/02/2022,MI-026,MiBrand4,Milk-Seg2,Milk,E-commerce,PL-Central,Single,6.37,1.0,5.0,224.0,251.0,31.0,197.47
28/02/2022,MI-026,MiBrand4,Milk-Seg2,Milk,E-commerce,PL-North,Carton,7.75,0.0,1.0,160.0,178.0,13.0,100.75
28/02/2022,MI-026,MiBrand4,Milk-Seg2,Milk,E-commerce,PL-South,Multipack,2.31,0.0,5.0,111.0,178.0,7.0,16.17
28/02/2022,YO-029,YoBrand4,Yogurt-Seg2,Yogurt,Retail,PL-North,Single,4.52,0.0,5.0,204.0,212.0,17.0,76.84
28/02/2022,YO-029,YoBrand4,Yogurt-Seg2,Yogurt,Retail,PL-South,Multipack,8.74,0.0,1.0,143.0,197.0,19.0,166.06
28/02/2022,YO-029,YoBrand4,Yogurt-Seg2,Yogurt,Discount,PL-Central,Single,6.42,0.0,5.0,136.0,186.0,16.0,102.72
28/02/2022,YO-029,YoBrand4,Yogurt-Seg2,Yogurt,Discount,PL-North,Multipack,3.01,0.0,1.0,143.0,140.0,18.0,54.18
28/02/2022,YO-029,YoBrand4,Yogurt-Seg2,Yogurt,E-commerce,PL-Central,Multipack,6.74,0.0,4.0,66.0,74.0,6.0,40.44
28/02/2022,YO-029,YoBrand4,Yogurt-Seg2,Yogurt,E-commerce,PL-South,Multipack,3.58,1.0,2.0,259.0,225.0,65.0,232.7
01/03/2022,MI-006,MiBrand1,Milk-Seg3,Milk,Retail,PL-Central,Single,5.76,0.0,1.0,163.0,204.0,13.0,74.88
01/03/2022,MI-006,MiBrand1,Milk-Seg3,Milk,Retail,PL-North,Multipack,1.78,1.0,4.0,184.0,179.0,22.0,39.16
01/03/2022,MI-006,MiBrand1,Milk-Seg3,Milk,Retail,PL-South,Single,5.89,0.0,5.0,210.0,215.0,24.0,141.36
01/03/2022,MI-006,MiBrand1,Milk-Seg3,Milk,Discount,PL-Central,Carton,8.83,0.0,5.0,99.0,163.0,11.0,97.13
01/03/2022,MI-006,MiBrand1,Milk-Seg3,Milk,Discount,PL-North,Multipack,6.66,0.0,5.0,200.0,167.0,16.0,106.56
01/03/2022,MI-006,MiBrand1,Milk-Seg3,Milk,Discount,PL-South,Single,4.02,0.0,4.0,148.0,174.0,13.0,52.26
01/03/2022,MI-006,MiBrand1,Milk-Seg3,Milk,E-commerce,PL-Central,Multipack,4.86,0.0,5.0,192.0,209.0,14.0,68.04
01/03/2022,MI-006,MiBrand1,Milk-Seg3,Milk,E-commerce,PL-North,Carton,2.52,1.0,1.0,145.0,187.0,28.0,70.56
01/03/2022,MI-006,MiBrand1,Milk-Seg3,Milk,E-commerce,PL-South,Multipack,4.06,0.0,1.0,251.0,247.0,18.0,73.08
01/03/2022,MI-026,MiBrand4,Milk-Seg2,Milk,Retail,PL-Central,Single,8.37,0.0,4.0,127.0,128.0,10.0,83.7
01/03/2022,MI-026,MiBrand4,Milk-Seg2,Milk,Retail,PL-North,Single,8.8,0.0,1.0,97.0,121.0,8.0,70.4
01/03/2022,MI-026,MiBrand4,Milk-Seg2,Milk,Retail,PL-South,Multipack,6.39,0.0,4.0,181.0,172.0,15.0,95.85
01/03/2022,MI-026,MiBrand4,Milk-Seg2,Milk,Discount,PL-Central,Multipack,6.32,0.0,2.0,100.0,94.0,7.0,44.24
01/03/2022,MI-026,MiBrand4,Milk-Seg2,Milk,Discount,PL-North,Single,1.73,0.0,3.0,243.0,208.0,15.0,25.95
01/03/2022,MI-026,MiBrand4,Milk-Seg2,Milk,Discount,PL-South,Single,4.64,1.0,3.0,222.0,230.0,26.0,120.64
01/03/2022,MI-026,MiBrand4,Milk-Seg2,Milk,E-commerce,PL-Central,Multipack,6.82,0.0,4.0,195.0,194.0,11.0,75.02
01/03/2022,MI-026,MiBrand4,Milk-Seg2,Milk,E-commerce,PL-North,Multipack,4.46,1.0,1.0,183.0,196.0,15.0,66.9
01/03/2022,MI-026,MiBrand4,Milk-Seg2,Milk,E-commerce,PL-South,Carton,7.48,0.0,4.0,128.0,162.0,9.0,67.32
01/03/2022,YO-029,YoBrand4,Yogurt-Seg2,Yogurt,Retail,PL-Central,Multipack,7.68,0.0,1.0,203.0,226.0,28.0,215.04
01/03/2022,YO-029,YoBrand4,Yogurt-Seg2,Yogurt,Retail,PL-North,Multipack,2.4,0.0,4.0,257.0,219.0,42.0,100.8
01/03/2022,YO-029,YoBrand4,Yogurt-Seg2,Yogurt,Retail,PL-South,Multipack,6.91,1.0,1.0,149.0,146.0,41.0,283.31
01/03/2022,YO-029,YoBrand4,Yogurt-Seg2,Yogurt,Discount,PL-Central,Multipack,4.6,0.0,4.0,204.0,182.0,29.0,133.4
01/03/2022,YO-029,YoBrand4,Yogurt-Seg2,Yogurt,Discount,PL-North,Single,6.34,0.0,3.0,234.0,222.0,19.0,120.46
01/03/2022,YO-029,YoBrand4,Yogurt-Seg2,Yogurt,Discount,PL-South,Multipack,6.56,1.0,4.0,130.0,183.0,31.0,203.36
01/03/2022,YO-029,YoBrand4,Yogurt-Seg2,Yogurt,E-commerce,PL-Central,Multipack,5.61,0.0,4.0,170.0,204.0,18.0,100.98
01/03/2022,YO-029,YoBrand4,Yogurt-Seg2,Yogurt,E-commerce,PL-North,Carton,3.02,0.0,5.0,133.0,212.0,13.0,39.26
01/03/2022,YO-029,YoBrand4,Yogurt-Seg2,Yogurt,E-commerce,PL-South,Multipack,6.66,0.0,3.0,193.0,181.0,17.0,113.22
02/03/2022,MI-006,MiBrand1,Milk-Seg3,Milk,Retail,PL-Central,Multipack,6.66,0.0,5.0,107.0,176.0,9.0,59.94
02/03/2022,MI-006,MiBrand1,Milk-Seg3,Milk,Retail,PL-North,Single,6.1,1.0,4.0,122.0,201.0,15.0,91.5
02/03/2022,MI-006,MiBrand1,Milk-Seg3,Milk,Retail,PL-South,Carton,7.0,0.0,4.0,156.0,132.0,13.0,91.0
02/03/2022,MI-006,MiBrand1,Milk-Seg3,Milk,Discount,PL-Central,Single,8.73,1.0,2.0,151.0,145.0,21.0,183.33
02/03/2022,MI-006,MiBrand1,Milk-Seg3,Milk,Discount,PL-North,Carton,6.84,0.0,1.0,107.0,171.0,8.0,54.72
02/03/2022,MI-006,MiBrand1,Milk-Seg3,Milk,Discount,PL-South,Multipack,4.49,0.0,4.0,206.0,175.0,15.0,67.35
02/03/2022,MI-006,MiBrand1,Milk-Seg3,Milk,E-commerce,PL-Central,Carton,8.02,0.0,5.0,173.0,172.0,17.0,136.34
02/03/2022,MI-006,MiBrand1,Milk-Seg3,Milk,E-commerce,PL-North,Single,5.06,0.0,5.0,250.0,209.0,16.0,80.96
02/03/2022,MI-006,MiBrand1,Milk-Seg3,Milk,E-commerce,PL-South,Multipack,8.93,0.0,5.0,153.0,193.0,7.0,62.51
02/03/2022,MI-026,MiBrand4,Milk-Seg2,Milk,Retail,PL-North,Single,7.27,0.0,3.0,176.0,231.0,15.0,109.05
02/03/2022,MI-026,MiBrand4,Milk-Seg2,Milk,Retail,PL-South,Multipack,1.7,0.0,3.0,119.0,183.0,11.0,18.7
02/03/2022,MI-026,MiBrand4,Milk-Seg2,Milk,Discount,PL-Central,Carton,2.13,0.0,1.0,104.0,168.0,10.0,21.3
02/03/2022,MI-026,MiBrand4,Milk-Seg2,Milk,Discount,PL-North,Single,1.61,1.0,5.0,168.0,149.0,25.0,40.25
02/03/2022,MI-026,MiBrand4,Milk-Seg2,Milk,E-commerce,PL-Central,Carton,1.54,0.0,5.0,98.0,92.0,10.0,15.4
02/03/2022,MI-026,MiBrand4,Milk-Seg2,Milk,E-commerce,PL-North,Single,3.81,0.0,1.0,59.0,99.0,4.0,15.24
02/03/2022,MI-026,MiBrand4,Milk-Seg2,Milk,E-commerce,PL-South,Multipack,8.57,0.0,2.0,196.0,224.0,12.0,102.84
02/03/2022,YO-029,YoBrand4,Yogurt-Seg2,Yogurt,Retail,PL-Central,Single,4.88,0.0,4.0,217.0,250.0,23.0,112.24
02/03/2022,YO-029,YoBrand4,Yogurt-Seg2,Yogurt,Retail,PL-North,Multipack,2.68,0.0,3.0,147.0,139.0,20.0,53.6
02/03/2022,YO-029,YoBrand4,Yogurt-Seg2,Yogurt,Retail,PL-South,Multipack,8.11,0.0,3.0,161.0,240.0,15.0,121.65
02/03/2022,YO-029,YoBrand4,Yogurt-Seg2,Yogurt,Discount,PL-Central,Single,8.5,0.0,1.0,221.0,205.0,30.0,255.0
02/03/2022,YO-029,YoBrand4,Yogurt-Seg2,Yogurt,Discount,PL-North,Single,3.55,0.0,1.0,182.0,212.0,28.0,99.4
02/03/2022,YO-029,YoBrand4,Yogurt-Seg2,Yogurt,Discount,PL-South,Carton,4.88,0.0,1.0,133.0,212.0,11.0,53.68
02/03/2022,YO-029,YoBrand4,Yogurt-Seg2,Yogurt,E-commerce,PL-Central,Multipack,4.83,0.0,5.0,156.0,247.0,23.0,111.09
02/03/2022,YO-029,YoBrand4,Yogurt-Seg2,Yogurt,E-commerce,PL-North,Multipack,2.39,0.0,1.0,180.0,190.0,22.0,52.58
02/03/2022,YO-029,YoBrand4,Yogurt-Seg2,Yogurt,E-commerce,PL-South,Carton,7.88,0.0,5.0,171.0,145.0,24.0,189.12
03/03/2022,MI-006,MiBrand1,Milk-Seg3,Milk,Retail,PL-North,Carton,3.99,0.0,4.0,195.0,220.0,18.0,71.82
03/03/2022,MI-006,MiBrand1,Milk-Seg3,Milk,Retail,PL-South,Carton,6.18,0.0,4.0,141.0,132.0,11.0,67.98
03/03/2022,MI-006,MiBrand1,Milk-Seg3,Milk,Discount,PL-Central,Carton,4.36,0.0,3.0,225.0,234.0,15.0,65.4
03/03/2022,MI-006,MiBrand1,Milk-Seg3,Milk,Discount,PL-South,Multipack,4.07,0.0,2.0,135.0,187.0,11.0,44.77
03/03/2022,MI-006,MiBrand1,Milk-Seg3,Milk,E-commerce,PL-North,Single,6.59,0.0,4.0,169.0,165.0,19.0,125.21
03/03/2022,MI-026,MiBrand4,Milk-Seg2,Milk,Retail,PL-Central,Single,4.17,0.0,3.0,110.0,116.0,9.0,37.53
03/03/2022,MI-026,MiBrand4,Milk-Seg2,Milk,Discount,PL-Central,Single,4.38,0.0,4.0,113.0,147.0,9.0,39.42
03/03/2022,MI-026,MiBrand4,Milk-Seg2,Milk,Discount,PL-North,Single,4.79,1.0,4.0,212.0,181.0,33.0,158.07
03/03/2022,MI-026,MiBrand4,Milk-Seg2,Milk,Discount,PL-South,Carton,6.34,0.0,2.0,195.0,164.0,16.0,101.44
03/03/2022,MI-026,MiBrand4,Milk-Seg2,Milk,E-commerce,PL-Central,Single,4.27,0.0,4.0,101.0,133.0,6.0,25.62
03/03/2022,MI-026,MiBrand4,Milk-Seg2,Milk,E-commerce,PL-North,Carton,3.29,0.0,5.0,215.0,185.0,15.0,49.35
03/03/2022,MI-026,MiBrand4,Milk-Seg2,Milk,E-commerce,PL-South,Single,5.43,0.0,2.0,243.0,216.0,23.0,124.89
03/03/2022,YO-029,YoBrand4,Yogurt-Seg2,Yogurt,Retail,PL-Central,Single,1.67,0.0,2.0,91.0,136.0,8.0,13.36
03/03/2022,YO-029,YoBrand4,Yogurt-Seg2,Yogurt,Retail,PL-South,Single,2.08,0.0,4.0,134.0,197.0,15.0,31.2
03/03/2022,YO-029,YoBrand4,Yogurt-Seg2,Yogurt,Discount,PL-Central,Carton,7.62,0.0,1.0,235.0,222.0,30.0,228.6
03/03/2022,YO-029,YoBrand4,Yogurt-Seg2,Yogurt,Discount,PL-North,Single,5.83,0.0,2.0,257.0,217.0,35.0,204.05
03/03/2022,YO-029,YoBrand4,Yogurt-Seg2,Yogurt,E-commerce,PL-Central,Multipack,1.5,0.0,3.0,156.0,154.0,14.0,21.0
03/03/2022,YO-029,YoBrand4,Yogurt-Seg2,Yogurt,E-commerce,PL-North,Carton,4.66,0.0,1.0,175.0,181.0,20.0,93.2
03/03/2022,YO-029,YoBrand4,Yogurt-Seg2,Yogurt,E-commerce,PL-South,Multipack,2.92,0.0,1.0,153.0,171.0,16.0,46.72
04/03/2022,MI-006,MiBrand1,Milk-Seg3,Milk,Retail,PL-Central,Carton,1.81,0.0,4.0,113.0,134.0,11.0,19.91
04/03/2022,MI-006,MiBrand1,Milk-Seg3,Milk,Retail,PL-North,Multipack,8.2,0.0,5.0,143.0,194.0,12.0,98.4
04/03/2022,MI-006,MiBrand1,Milk-Seg3,Milk,Retail,PL-South,Multipack,3.16,1.0,3.0,160.0,180.0,14.0,44.24
04/03/2022,MI-006,MiBrand1,Milk-Seg3,Milk,Discount,PL-Central,Carton,3.79,0.0,1.0,164.0,159.0,15.0,56.85
04/03/2022,MI-006,MiBrand1,Milk-Seg3,Milk,Discount,PL-North,Single,3.92,0.0,2.0,258.0,250.0,25.0,98.0
04/03/2022,MI-006,MiBrand1,Milk-Seg3,Milk,Discount,PL-South,Multipack,3.41,1.0,4.0,251.0,219.0,24.0,81.84
04/03/2022,MI-006,MiBrand1,Milk-Seg3,Milk,E-commerce,PL-Central,Carton,4.57,0.0,5.0,102.0,158.0,8.0,36.56
04/03/2022,MI-006,MiBrand1,Milk-Seg3,Milk,E-commerce,PL-South,Carton,2.14,0.0,2.0,182.0,244.0,13.0,27.82
04/03/2022,MI-026,MiBrand4,Milk-Seg2,Milk,Retail,PL-Central,Single,9.0,0.0,1.0,118.0,179.0,9.0,81.0
04/03/2022,MI-026,MiBrand4,Milk-Seg2,Milk,Retail,PL-North,Single,5.46,0.0,4.0,170.0,164.0,15.0,81.9
04/03/2022,MI-026,MiBrand4,Milk-Seg2,Milk,Retail,PL-South,Multipack,8.34,0.0,5.0,161.0,209.0,13.0,108.42
04/03/2022,MI-026,MiBrand4,Milk-Seg2,Milk,Discount,PL-Central,Carton,5.65,0.0,5.0,103.0,150.0,10.0,56.5
04/03/2022,MI-026,MiBrand4,Milk-Seg2,Milk,Discount,PL-South,Carton,7.5,0.0,4.0,101.0,128.0,10.0,75.0
04/03/2022,MI-026,MiBrand4,Milk-Seg2,Milk,E-commerce,PL-Central,Carton,2.55,0.0,2.0,152.0,168.0,14.0,35.7
04/03/2022,MI-026,MiBrand4,Milk-Seg2,Milk,E-commerce,PL-South,Carton,7.25,0.0,3.0,116.0,108.0,7.0,50.75
04/03/2022,YO-029,YoBrand4,Yogurt-Seg2,Yogurt,Retail,PL-Central,Multipack,1.86,1.0,3.0,80.0,106.0,17.0,31.62
04/03/2022,YO-029,YoBrand4,Yogurt-Seg2,Yogurt,Retail,PL-North,Single,4.32,0.0,3.0,114.0,170.0,18.0,77.76
04/03/2022,YO-029,YoBrand4,Yogurt-Seg2,Yogurt,Retail,PL-South,Multipack,7.35,0.0,1.0,0.0,141.0,0.0,0.0
04/03/2022,YO-029,YoBrand4,Yogurt-Seg2,Yogurt,Discount,PL-Central,Single,5.02,0.0,1.0,151.0,198.0,17.0,85.34
04/03/2022,YO-029,YoBrand4,Yogurt-Seg2,Yogurt,Discount,PL-South,Multipack,2.23,0.0,2.0,206.0,214.0,14.0,31.22
04/03/2022,YO-029,YoBrand4,Yogurt-Seg2,Yogurt,E-commerce,PL-Central,Multipack,2.2,0.0,5.0,164.0,173.0,17.0,37.4
04/03/2022,YO-029,YoBrand4,Yogurt-Seg2,Yogurt,E-commerce,PL-North,Carton,6.9,0.0,3.0,97.0,134.0,12.0,82.8
04/03/2022,YO-029,YoBrand4,Yogurt-Seg2,Yogurt,E-commerce,PL-South,Single,8.5,0.0,3.0,137.0,168.0,17.0,144.5
05/03/2022,MI-006,MiBrand1,Milk-Seg3,Milk,Retail,PL-Central,Carton,4.41,1.0,5.0,227.0,223.0,28.0,123.48
05/03/2022,MI-006,MiBrand1,Milk-Seg3,Milk,Retail,PL-North,Single,3.9,1.0,5.0,124.0,153.0,16.0,62.4
05/03/2022,MI-006,MiBrand1,Milk-Seg3,Milk,Retail,PL-South,Carton,7.9,1.0,4.0,174.0,238.0,26.0,205.4
05/03/2022,MI-006,MiBrand1,Milk-Seg3,Milk,Discount,PL-Central,Single,3.72,0.0,5.0,213.0,236.0,27.0,100.44
05/03/2022,MI-006,MiBrand1,Milk-Seg3,Milk,Discount,PL-North,Multipack,5.26,0.0,4.0,164.0,254.0,7.0,36.82
05/03/2022,MI-006,MiBrand1,Milk-Seg3,Milk,Discount,PL-South,Carton,5.32,0.0,2.0,138.0,155.0,15.0,79.8
05/03/2022,MI-006,MiBrand1,Milk-Seg3,Milk,E-commerce,PL-North,Carton,8.83,0.0,5.0,181.0,186.0,11.0,97.13
05/03/2022,MI-006,MiBrand1,Milk-Seg3,Milk,E-commerce,PL-South,Single,5.02,0.0,1.0,122.0,150.0,7.0,35.14
05/03/2022,MI-026,MiBrand4,Milk-Seg2,Milk,Retail,PL-North,Single,1.62,1.0,4.0,130.0,210.0,23.0,37.26
05/03/2022,MI-026,MiBrand4,Milk-Seg2,Milk,Retail,PL-South,Carton,5.05,0.0,1.0,201.0,174.0,20.0,101.0
05/03/2022,MI-026,MiBrand4,Milk-Seg2,Milk,Discount,PL-Central,Multipack,3.99,1.0,1.0,262.0,274.0,60.0,239.4
05/03/2022,MI-026,MiBrand4,Milk-Seg2,Milk,Discount,PL-North,Single,8.71,0.0,5.0,231.0,198.0,18.0,156.78
05/03/2022,MI-026,MiBrand4,Milk-Seg2,Milk,Discount,PL-South,Multipack,8.83,0.0,3.0,172.0,203.0,14.0,123.62
05/03/2022,MI-026,MiBrand4,Milk-Seg2,Milk,E-commerce,PL-Central,Multipack,1.52,0.0,3.0,119.0,167.0,12.0,18.24
05/03/2022,MI-026,MiBrand4,Milk-Seg2,Milk,E-commerce,PL-North,Carton,7.21,0.0,2.0,198.0,200.0,15.0,108.15
05/03/2022,MI-026,MiBrand4,Milk-Seg2,Milk,E-commerce,PL-South,Single,2.44,0.0,2.0,156.0,190.0,16.0,39.04
05/03/2022,YO-029,YoBrand4,Yogurt-Seg2,Yogurt,Retail,PL-Central,Multipack,8.32,0.0,2.0,199.0,179.0,15.0,124.8
05/03/2022,YO-029,YoBrand4,Yogurt-Seg2,Yogurt,Retail,PL-North,Single,6.3,0.0,5.0,152.0,140.0,16.0,100.8
05/03/2022,YO-029,YoBrand4,Yogurt-Seg2,Yogurt,Retail,PL-South,Carton,8.77,0.0,2.0,94.0,138.0,12.0,105.24
05/03/2022,YO-029,YoBrand4,Yogurt-Seg2,Yogurt,Discount,PL-Central,Carton,1.85,0.0,5.0,142.0,173.0,14.0,25.9
05/03/2022,YO-029,YoBrand4,Yogurt-Seg2,Yogurt,Discount,PL-North,Single,3.36,0.0,5.0,118.0,184.0,15.0,50.4
05/03/2022,YO-029,YoBrand4,Yogurt-Seg2,Yogurt,Discount,PL-South,Single,8.89,0.0,1.0,82.0,88.0,13.0,115.57
05/03/2022,YO-029,YoBrand4,Yogurt-Seg2,Yogurt,E-commerce,PL-North,Carton,3.47,0.0,2.0,125.0,165.0,9.0,31.23
05/03/2022,YO-029,YoBrand4,Yogurt-Seg2,Yogurt,E-commerce,PL-South,Multipack,5.18,0.0,3.0,135.0,161.0,17.0,88.06
06/03/2022,MI-006,MiBrand1,Milk-Seg3,Milk,Retail,PL-Central,Single,1.58,0.0,5.0,0.0,172.0,0.0,0.0
06/03/2022,MI-006,MiBrand1,Milk-Seg3,Milk,Retail,PL-North,Multipack,8.42,0.0,5.0,228.0,206.0,18.0,151.56
06/03/2022,MI-006,MiBrand1,Milk-Seg3,Milk,Retail,PL-South,Multipack,4.75,0.0,5.0,176.0,201.0,11.0,52.25
06/03/2022,MI-006,MiBrand1,Milk-Seg3,Milk,Discount,PL-Central,Single,4.54,0.0,5.0,185.0,186.0,13.0,59.02
06/03/2022,MI-006,MiBrand1,Milk-Seg3,Milk,Discount,PL-South,Single,7.08,0.0,2.0,232.0,222.0,18.0,127.44
06/03/2022,MI-006,MiBrand1,Milk-Seg3,Milk,E-commerce,PL-Central,Multipack,5.12,1.0,3.0,254.0,223.0,61.0,312.32
06/03/2022,MI-006,MiBrand1,Milk-Seg3,Milk,E-commerce,PL-South,Single,4.67,0.0,4.0,188.0,173.0,21.0,98.07
06/03/2022,MI-026,MiBrand4,Milk-Seg2,Milk,Retail,PL-North,Carton,6.02,0.0,1.0,104.0,158.0,5.0,30.1
06/03/2022,MI-026,MiBrand4,Milk-Seg2,Milk,Discount,PL-South,Single,2.11,0.0,4.0,167.0,170.0,15.0,31.65
06/03/2022,MI-026,MiBrand4,Milk-Seg2,Milk,E-commerce,PL-Central,Single,2.24,0.0,4.0,123.0,173.0,10.0,22.4
06/03/2022,MI-026,MiBrand4,Milk-Seg2,Milk,E-commerce,PL-North,Carton,4.83,0.0,2.0,154.0,137.0,12.0,57.96
06/03/2022,MI-026,MiBrand4,Milk-Seg2,Milk,E-commerce,PL-South,Single,7.05,0.0,1.0,111.0,143.0,13.0,91.65
06/03/2022,YO-029,YoBrand4,Yogurt-Seg2,Yogurt,Retail,PL-Central,Multipack,3.52,0.0,5.0,156.0,194.0,22.0,77.44
06/03/2022,YO-029,YoBrand4,Yogurt-Seg2,Yogurt,Retail,PL-North,Multipack,2.4,0.0,4.0,185.0,169.0,33.0,79.2
06/03/2022,YO-029,YoBrand4,Yogurt-Seg2,Yogurt,Discount,PL-Central,Multipack,7.87,0.0,2.0,96.0,153.0,9.0,70.83
06/03/2022,YO-029,YoBrand4,Yogurt-Seg2,Yogurt,Discount,PL-North,Single,3.54,0.0,5.0,221.0,199.0,14.0,49.56
06/03/2022,YO-029,YoBrand4,Yogurt-Seg2,Yogurt,Discount,PL-South,Carton,8.49,0.0,5.0,105.0,176.0,14.0,118.86
06/03/2022,YO-029,YoBrand4,Yogurt-Seg2,Yogurt,E-commerce,PL-North,Single,4.16,0.0,5.0,177.0,238.0,17.0,70.72
06/03/2022,YO-029,YoBrand4,Yogurt-Seg2,Yogurt,E-commerce,PL-South,Single,4.45,0.0,5.0,123.0,178.0,11.0,48.95
07/03/2022,MI-006,MiBrand1,Milk-Seg3,Milk,Retail,PL-Central,Single,5.46,0.0,1.0,158.0,205.0,15.0,81.9
07/03/2022,MI-006,MiBrand1,Milk-Seg3,Milk,Retail,PL-North,Multipack,2.94,0.0,1.0,146.0,179.0,14.0,41.16
07/03/2022,MI-006,MiBrand1,Milk-Seg3,Milk,Retail,PL-South,Carton,5.3,0.0,3.0,0.0,133.0,0.0,0.0
07/03/2022,MI-006,MiBrand1,Milk-Seg3,Milk,Discount,PL-North,Carton,2.75,0.0,1.0,126.0,158.0,8.0,22.0
07/03/2022,MI-006,MiBrand1,Milk-Seg3,Milk,Discount,PL-South,Single,4.63,0.0,3.0,84.0,132.0,7.0,32.41
07/03/2022,MI-006,MiBrand1,Milk-Seg3,Milk,E-commerce,PL-Central,Carton,2.05,0.0,1.0,228.0,217.0,14.0,28.7
07/03/2022,MI-006,MiBrand1,Milk-Seg3,Milk,E-commerce,PL-North,Carton,4.58,0.0,3.0,64.0,87.0,6.0,27.48
07/03/2022,MI-006,MiBrand1,Milk-Seg3,Milk,E-commerce,PL-South,Single,6.98,0.0,3.0,155.0,201.0,14.0,97.72
07/03/2022,MI-026,MiBrand4,Milk-Seg2,Milk,Retail,PL-Central,Multipack,5.13,0.0,1.0,224.0,216.0,12.0,61.56
07/03/2022,MI-026,MiBrand4,Milk-Seg2,Milk,Retail,PL-North,Carton,4.29,0.0,1.0,177.0,169.0,19.0,81.51
07/03/2022,MI-026,MiBrand4,Milk-Seg2,Milk,Discount,PL-Central,Multipack,5.68,1.0,3.0,264.0,227.0,50.0,284.0
07/03/2022,MI-026,MiBrand4,Milk-Seg2,Milk,Discount,PL-South,Single,7.0,1.0,1.0,192.0,214.0,30.0,210.0
07/03/2022,MI-026,MiBrand4,Milk-Seg2,Milk,E-commerce,PL-Central,Multipack,7.84,0.0,3.0,112.0,156.0,7.0,54.88
07/03/2022,MI-026,MiBrand4,Milk-Seg2,Milk,E-commerce,PL-North,Multipack,5.3,0.0,4.0,96.0,120.0,7.0,37.1
07/03/2022,YO-029,YoBrand4,Yogurt-Seg2,Yogurt,Retail,PL-Central,Multipack,2.89,0.0,5.0,106.0,151.0,16.0,46.24
07/03/2022,YO-029,YoBrand4,Yogurt-Seg2,Yogurt,Retail,PL-North,Multipack,8.83,1.0,4.0,84.0,121.0,15.0,132.45
07/03/2022,YO-029,YoBrand4,Yogurt-Seg2,Yogurt,Retail,PL-South,Single,4.28,0.0,2.0,160.0,197.0,15.0,64.2
07/03/2022,YO-029,YoBrand4,Yogurt-Seg2,Yogurt,Discount,PL-North,Single,4.83,0.0,5.0,135.0,136.0,15.0,72.45
07/03/2022,YO-029,YoBrand4,Yogurt-Seg2,Yogurt,Discount,PL-South,Carton,3.95,0.0,3.0,100.0,157.0,12.0,47.4
07/03/2022,YO-029,YoBrand4,Yogurt-Seg2,Yogurt,E-commerce,PL-Central,Multipack,1.74,0.0,5.0,149.0,221.0,18.0,31.32
07/03/2022,YO-029,YoBrand4,Yogurt-Seg2,Yogurt,E-commerce,PL-North,Carton,2.04,0.0,5.0,162.0,155.0,16.0,32.64
08/03/2022,MI-006,MiBrand1,Milk-Seg3,Milk,Retail,PL-North,Single,8.22,0.0,5.0,239.0,225.0,20.0,164.4
08/03/2022,MI-006,MiBrand1,Milk-Seg3,Milk,Discount,PL-Central,Carton,3.88,0.0,1.0,186.0,223.0,12.0,46.56
08/03/2022,MI-006,MiBrand1,Milk-Seg3,Milk,Discount,PL-North,Multipack,4.64,0.0,3.0,118.0,125.0,4.0,18.56
08/03/2022,MI-006,MiBrand1,Milk-Seg3,Milk,Discount,PL-South,Carton,7.99,0.0,4.0,89.0,135.0,9.0,71.91
08/03/2022,MI-006,MiBrand1,Milk-Seg3,Milk,E-commerce,PL-Central,Carton,2.96,0.0,5.0,175.0,201.0,15.0,44.4
08/03/2022,MI-006,MiBrand1,Milk-Seg3,Milk,E-commerce,PL-North,Multipack,3.54,0.0,4.0,0.0,214.0,0.0,0.0
08/03/2022,MI-006,MiBrand1,Milk-Seg3,Milk,E-commerce,PL-South,Multipack,2.2,0.0,4.0,141.0,139.0,14.0,30.8
08/03/2022,MI-026,MiBrand4,Milk-Seg2,Milk,Retail,PL-Central,Multipack,2.99,0.0,4.0,120.0,154.0,12.0,35.88
08/03/2022,MI-026,MiBrand4,Milk-Seg2,Milk,Retail,PL-North,Multipack,2.17,0.0,2.0,234.0,201.0,15.0,32.55
08/03/2022,MI-026,MiBrand4,Milk-Seg2,Milk,Discount,PL-Central,Carton,2.21,0.0,2.0,121.0,142.0,9.0,19.89
08/03/2022,MI-026,MiBrand4,Milk-Seg2,Milk,Discount,PL-North,Carton,5.17,0.0,2.0,106.0,169.0,8.0,41.36
08/03/2022,MI-026,MiBrand4,Milk-Seg2,Milk,E-commerce,PL-Central,Carton,3.07,0.0,4.0,185.0,219.0,17.0,52.19
08/03/2022,MI-026,MiBrand4,Milk-Seg2,Milk,E-commerce,PL-North,Multipack,6.67,0.0,3.0,135.0,173.0,9.0,60.03
08/03/2022,MI-026,MiBrand4,Milk-Seg2,Milk,E-commerce,PL-South,Single,5.25,0.0,5.0,204.0,183.0,19.0,99.75
08/03/2022,YO-029,YoBrand4,Yogurt-Seg2,Yogurt,Retail,PL-Central,Multipack,8.4,0.0,5.0,0.0,278.0,0.0,0.0
08/03/2022,YO-029,YoBrand4,Yogurt-Seg2,Yogurt,Retail,PL-North,Single,4.84,0.0,1.0,221.0,229.0,28.0,135.52
08/03/2022,YO-029,YoBrand4,Yogurt-Seg2,Yogurt,Discount,PL-North,Multipack,8.25,0.0,3.0,184.0,190.0,24.0,198.0
08/03/2022,YO-029,YoBrand4,Yogurt-Seg2,Yogurt,Discount,PL-South,Carton,7.78,0.0,4.0,110.0,182.0,16.0,124.48
08/03/2022,YO-029,YoBrand4,Yogurt-Seg2,Yogurt,E-commerce,PL-Central,Carton,7.67,0.0,3.0,128.0,172.0,16.0,122.72
08/03/2022,YO-029,YoBrand4,Yogurt-Seg2,Yogurt,E-commerce,PL-North,Multipack,2.38,1.0,5.0,138.0,185.0,26.0,61.88
08/03/2022,YO-029,YoBrand4,Yogurt-Seg2,Yogurt,E-commerce,PL-South,Multipack,7.72,0.0,3.0,134.0,119.0,17.0,131.24
09/03/2022,MI-006,MiBrand1,Milk-Seg3,Milk,Retail,PL-Central,Single,4.84,0.0,3.0,211.0,180.0,13.0,62.92
09/03/2022,MI-006,MiBrand1,Milk-Seg3,Milk,Retail,PL-North,Carton,4.35,0.0,1.0,163.0,191.0,13.0,56.55
09/03/2022,MI-006,MiBrand1,Milk-Seg3,Milk,Retail,PL-South,Carton,5.64,0.0,2.0,102.0,158.0,7.0,39.48
09/03/2022,MI-006,MiBrand1,Milk-Seg3,Milk,Discount,PL-Central,Carton,6.82,0.0,1.0,161.0,193.0,15.0,102.3
09/03/2022,MI-006,MiBrand1,Milk-Seg3,Milk,Discount,PL-North,Carton,3.19,0.0,4.0,205.0,193.0,23.0,73.37
09/03/2022,MI-006,MiBrand1,Milk-Seg3,Milk,E-commerce,PL-Central,Single,5.13,1.0,2.0,212.0,221.0,29.0,148.77
09/03/2022,MI-006,MiBrand1,Milk-Seg3,Milk,E-commerce,PL-North,Single,2.84,0.0,5.0,156.0,140.0,9.0,25.56
09/03/2022,MI-006,MiBrand1,Milk-Seg3,Milk,E-commerce,PL-South,Carton,6.41,1.0,4.0,73.0,113.0,10.0,64.1
09/03/2022,MI-026,MiBrand4,Milk-Seg2,Milk,Retail,PL-Central,Carton,5.58,0.0,5.0,132.0,204.0,11.0,61.38
09/03/2022,MI-026,MiBrand4,Milk-Seg2,Milk,Retail,PL-North,Multipack,5.82,0.0,1.0,249.0,241.0,20.0,116.4
09/03/2022,MI-026,MiBrand4,Milk-Seg2,Milk,Retail,PL-South,Single,3.31,0.0,3.0,210.0,191.0,18.0,59.58
09/03/2022,MI-026,MiBrand4,Milk-Seg2,Milk,Discount,PL-Central,Single,7.78,0.0,1.0,183.0,200.0,17.0,132.26
09/03/2022,MI-026,MiBrand4,Milk-Seg2,Milk,Discount,PL-North,Carton,8.41,0.0,3.0,113.0,156.0,7.0,58.87
09/03/2022,MI-026,MiBrand4,Milk-Seg2,Milk,Discount,PL-South,Multipack,7.71,0.0,1.0,0.0,167.0,0.0,0.0
09/03/2022,MI-026,MiBrand4,Milk-Seg2,Milk,E-commerce,PL-Central,Multipack,6.54,0.0,3.0,177.0,178.0,13.0,85.02
09/03/2022,MI-026,MiBrand4,Milk-Seg2,Milk,E-commerce,PL-North,Multipack,3.09,0.0,3.0,134.0,146.0,11.0,33.99
09/03/2022,MI-026,MiBrand4,Milk-Seg2,Milk,E-commerce,PL-South,Carton,8.96,0.0,4.0,299.0,266.0,30.0,268.8
09/03/2022,YO-029,YoBrand4,Yogurt-Seg2,Yogurt,Retail,PL-North,Single,7.65,0.0,4.0,147.0,196.0,15.0,114.75
09/03/2022,YO-029,YoBrand4,Yogurt-Seg2,Yogurt,Retail,PL-South,Single,2.8,0.0,3.0,107.0,178.0,14.0,39.2
09/03/2022,YO-029,YoBrand4,Yogurt-Seg2,Yogurt,Discount,PL-Central,Multipack,6.88,0.0,4.0,166.0,139.0,19.0,130.72
09/03/2022,YO-029,YoBrand4,Yogurt-Seg2,Yogurt,Discount,PL-North,Carton,7.24,1.0,1.0,0.0,175.0,0.0,0.0
09/03/2022,YO-029,YoBrand4,Yogurt-Seg2,Yogurt,Discount,PL-South,Carton,3.41,0.0,1.0,129.0,162.0,8.0,27.28
09/03/2022,YO-029,YoBrand4,Yogurt-Seg2,Yogurt,E-commerce,PL-Central,Single,2.3,0.0,5.0,98.0,145.0,14.0,32.2
09/03/2022,YO-029,YoBrand4,Yogurt-Seg2,Yogurt,E-commerce,PL-North,Multipack,3.9,0.0,1.0,156.0,209.0,14.0,54.6
09/03/2022,YO-029,YoBrand4,Yogurt-Seg2,Yogurt,E-commerce,PL-South,Multipack,5.36,0.0,4.0,123.0,180.0,15.0,80.4
10/03/2022,MI-006,MiBrand1,Milk-Seg3,Milk,Retail,PL-Central,Carton,2.15,0.0,1.0,102.0,154.0,9.0,19.35
10/03/2022,MI-006,MiBrand1,Milk-Seg3,Milk,Retail,PL-North,Carton,4.74,0.0,5.0,88.0,125.0,7.0,33.18
10/03/2022,MI-006,MiBrand1,Milk-Seg3,Milk,Retail,PL-South,Single,4.62,1.0,5.0,151.0,231.0,14.0,64.68
10/03/2022,MI-006,MiBrand1,Milk-Seg3,Milk,Discount,PL-North,Carton,8.27,0.0,4.0,102.0,121.0,6.0,49.62
10/03/2022,MI-006,MiBrand1,Milk-Seg3,Milk,Discount,PL-South,Single,4.21,0.0,2.0,219.0,202.0,17.0,71.57
10/03/2022,MI-006,MiBrand1,Milk-Seg3,Milk,E-commerce,PL-Central,Carton,3.89,0.0,1.0,190.0,215.0,9.0,35.01
10/03/2022,MI-006,MiBrand1,Milk-Seg3,Milk,E-commerce,PL-North,Single,8.54,0.0,1.0,187.0,288.0,15.0,128.1
10/03/2022,MI-006,MiBrand1,Milk-Seg3,Milk,E-commerce,PL-South,Multipack,1.66,1.0,2.0,85.0,87.0,10.0,16.6
10/03/2022,MI-026,MiBrand4,Milk-Seg2,Milk,Retail,PL-Central,Carton,4.74,0.0,1.0,121.0,126.0,6.0,28.44
10/03/2022,MI-026,MiBrand4,Milk-Seg2,Milk,Retail,PL-North,Carton,2.57,0.0,1.0,181.0,172.0,19.0,48.83
10/03/2022,MI-026,MiBrand4,Milk-Seg2,Milk,Retail,PL-South,Single,3.87,1.0,5.0,150.0,174.0,19.0,73.53
10/03/2022,MI-026,MiBrand4,Milk-Seg2,Milk,Discount,PL-Central,Carton,4.2,0.0,4.0,89.0,118.0,5.0,21.0
10/03/2022,MI-026,MiBrand4,Milk-Seg2,Milk,Discount,PL-North,Single,8.45,0.0,3.0,229.0,228.0,14.0,118.3
10/03/2022,MI-026,MiBrand4,Milk-Seg2,Milk,Discount,PL-South,Carton,3.99,0.0,3.0,182.0,258.0,13.0,51.87
10/03/2022,MI-026,MiBrand4,Milk-Seg2,Milk,E-commerce,PL-Central,Single,7.36,0.0,2.0,128.0,107.0,11.0,80.96
10/03/2022,MI-026,MiBrand4,Milk-Seg2,Milk,E-commerce,PL-North,Single,3.76,0.0,5.0,81.0,113.0,7.0,26.32
10/03/2022,MI-026,MiBrand4,Milk-Seg2,Milk,E-commerce,PL-South,Carton,7.66,0.0,3.0,118.0,169.0,9.0,68.94
10/03/2022,YO-029,YoBrand4,Yogurt-Seg2,Yogurt,Retail,PL-Central,Single,6.13,1.0,4.0,141.0,165.0,29.0,177.77
10/03/2022,YO-029,YoBrand4,Yogurt-Seg2,Yogurt,Retail,PL-South,Multipack,5.16,0.0,2.0,125.0,175.0,11.0,56.76
10/03/2022,YO-029,YoBrand4,Yogurt-Seg2,Yogurt,Discount,PL-Central,Single,2.75,1.0,5.0,122.0,122.0,36.0,99.0
10/03/2022,YO-029,YoBrand4,Yogurt-Seg2,Yogurt,Discount,PL-North,Multipack,4.21,0.0,1.0,117.0,145.0,17.0,71.57
10/03/2022,YO-029,YoBrand4,Yogurt-Seg2,Yogurt,Discount,PL-South,Carton,3.26,0.0,3.0,219.0,185.0,28.0,91.28
10/03/2022,YO-029,YoBrand4,Yogurt-Seg2,Yogurt,E-commerce,PL-South,Carton,7.02,1.0,1.0,95.0,143.0,24.0,168.48
11/03/2022,MI-006,MiBrand1,Milk-Seg3,Milk,Retail,PL-Central,Multipack,4.91,0.0,5.0,187.0,175.0,14.0,68.74
11/03/2022,MI-006,MiBrand1,Milk-Seg3,Milk,Retail,PL-South,Carton,8.97,0.0,4.0,174.0,187.0,8.0,71.76
11/03/2022,MI-006,MiBrand1,Milk-Seg3,Milk,Discount,PL-Central,Single,4.99,0.0,5.0,142.0,167.0,10.0,49.9
11/03/2022,MI-006,MiBrand1,Milk-Seg3,Milk,Discount,PL-South,Single,3.78,0.0,1.0,151.0,197.0,13.0,49.14
11/03/2022,MI-006,MiBrand1,Milk-Seg3,Milk,E-commerce,PL-Central,Carton,8.75,0.0,2.0,40.0,67.0,3.0,26.25
11/03/2022,MI-006,MiBrand1,Milk-Seg3,Milk,E-commerce,PL-North,Carton,5.87,0.0,4.0,138.0,199.0,7.0,41.09
11/03/2022,MI-006,MiBrand1,Milk-Seg3,Milk,E-commerce,PL-South,Multipack,6.12,0.0,4.0,159.0,182.0,13.0,79.56
11/03/2022,MI-026,MiBrand4,Milk-Seg2,Milk,Retail,PL-Central,Single,3.62,0.0,3.0,156.0,178.0,11.0,39.82
11/03/2022,MI-026,MiBrand4,Milk-Seg2,Milk,Discount,PL-North,Multipack,7.51,0.0,2.0,175.0,174.0,20.0,150.2
11/03/2022,MI-026,MiBrand4,Milk-Seg2,Milk,Discount,PL-South,Single,7.44,0.0,4.0,100.0,166.0,10.0,74.4
11/03/2022,MI-026,MiBrand4,Milk-Seg2,Milk,E-commerce,PL-Central,Carton,7.71,0.0,1.0,108.0,148.0,6.0,46.26
11/03/2022,MI-026,MiBrand4,Milk-Seg2,Milk,E-commerce,PL-North,Single,6.9,0.0,4.0,176.0,285.0,12.0,82.8
11/03/2022,MI-026,MiBrand4,Milk-Seg2,Milk,E-commerce,PL-South,Carton,5.74,0.0,2.0,66.0,94.0,5.0,28.7
11/03/2022,YO-029,YoBrand4,Yogurt-Seg2,Yogurt,Retail,PL-Central,Carton,4.01,1.0,3.0,150.0,185.0,34.0,136.34
11/03/2022,YO-029,YoBrand4,Yogurt-Seg2,Yogurt,Retail,PL-North,Single,7.06,0.0,2.0,223.0,207.0,28.0,197.68
11/03/2022,YO-029,YoBrand4,Yogurt-Seg2,Yogurt,Retail,PL-South,Carton,2.48,0.0,5.0,211.0,255.0,20.0,49.6
11/03/2022,YO-029,YoBrand4,Yogurt-Seg2,Yogurt,Discount,PL-Central,Multipack,3.68,1.0,3.0,74.0,98.0,15.0,55.2
11/03/2022,YO-029,YoBrand4,Yogurt-Seg2,Yogurt,Discount,PL-North,Single,1.81,1.0,2.0,108.0,151.0,22.0,39.82
11/03/2022,YO-029,YoBrand4,Yogurt-Seg2,Yogurt,Discount,PL-South,Carton,6.61,0.0,1.0,244.0,219.0,33.0,218.13
11/03/2022,YO-029,YoBrand4,Yogurt-Seg2,Yogurt,E-commerce,PL-Central,Single,6.4,0.0,4.0,253.0,253.0,18.0,115.2
11/03/2022,YO-029,YoBrand4,Yogurt-Seg2,Yogurt,E-commerce,PL-North,Carton,8.97,0.0,1.0,124.0,191.0,15.0,134.55
11/03/2022,YO-029,YoBrand4,Yogurt-Seg2,Yogurt,E-commerce,PL-South,Carton,5.56,0.0,4.0,171.0,178.0,22.0,122.32
12/03/2022,MI-006,MiBrand1,Milk-Seg3,Milk,Retail,PL-Central,Carton,7.06,0.0,1.0,145.0,136.0,8.0,56.48
12/03/2022,MI-006,MiBrand1,Milk-Seg3,Milk,Retail,PL-North,Carton,5.74,0.0,2.0,125.0,157.0,8.0,45.92
12/03/2022,MI-006,MiBrand1,Milk-Seg3,Milk,Retail,PL-South,Carton,2.06,0.0,3.0,202.0,231.0,19.0,39.14
12/03/2022,MI-006,MiBrand1,Milk-Seg3,Milk,Discount,PL-Central,Carton,7.43,0.0,4.0,117.0,141.0,11.0,81.73
12/03/2022,MI-006,MiBrand1,Milk-Seg3,Milk,Discount,PL-North,Multipack,3.92,0.0,4.0,162.0,140.0,12.0,47.04
12/03/2022,MI-006,MiBrand1,Milk-Seg3,Milk,Discount,PL-South,Carton,3.66,0.0,3.0,238.0,233.0,15.0,54.9
12/03/2022,MI-006,MiBrand1,Milk-Seg3,Milk,E-commerce,PL-Central,Single,8.04,0.0,4.0,69.0,109.0,4.0,32.16
12/03/2022,MI-006,MiBrand1,Milk-Seg3,Milk,E-commerce,PL-North,Multipack,3.73,0.0,4.0,221.0,228.0,25.0,93.25
12/03/2022,MI-006,MiBrand1,Milk-Seg3,Milk,E-commerce,PL-South,Multipack,5.36,0.0,5.0,138.0,226.0,10.0,53.6
12/03/2022,MI-026,MiBrand4,Milk-Seg2,Milk,Retail,PL-Central,Single,5.07,0.0,2.0,138.0,146.0,11.0,55.77
12/03/2022,MI-026,MiBrand4,Milk-Seg2,Milk,Retail,PL-North,Single,7.21,0.0,1.0,144.0,150.0,10.0,72.1
12/03/2022,MI-026,MiBrand4,Milk-Seg2,Milk,Retail,PL-South,Single,6.32,0.0,1.0,172.0,185.0,14.0,88.48
12/03/2022,MI-026,MiBrand4,Milk-Seg2,Milk,Discount,PL-Central,Multipack,7.45,0.0,5.0,198.0,203.0,12.0,89.4
12/03/2022,MI-026,MiBrand4,Milk-Seg2,Milk,Discount,PL-North,Carton,2.48,0.0,3.0,177.0,229.0,14.0,34.72
12/03/2022,MI-026,MiBrand4,Milk-Seg2,Milk,Discount,PL-South,Multipack,4.15,0.0,1.0,158.0,165.0,17.0,70.55
12/03/2022,MI-026,MiBrand4,Milk-Seg2,Milk,E-commerce,PL-Central,Carton,7.35,0.0,3.0,151.0,201.0,14.0,102.9
12/03/2022,MI-026,MiBrand4,Milk-Seg2,Milk,E-commerce,PL-North,Multipack,3.88,0.0,5.0,216.0,188.0,17.0,65.96
12/03/2022,MI-026,MiBrand4,Milk-Seg2,Milk,E-commerce,PL-South,Carton,1.53,0.0,2.0,125.0,148.0,8.0,12.24
12/03/2022,YO-029,YoBrand4,Yogurt-Seg2,Yogurt,Retail,PL-Central,Carton,3.67,0.0,3.0,193.0,167.0,25.0,91.75
12/03/2022,YO-029,YoBrand4,Yogurt-Seg2,Yogurt,Retail,PL-South,Multipack,2.19,0.0,4.0,133.0,122.0,15.0,32.85
12/03/2022,YO-029,YoBrand4,Yogurt-Seg2,Yogurt,Discount,PL-Central,Carton,6.23,0.0,5.0,159.0,191.0,19.0,118.37
12/03/2022,YO-029,YoBrand4,Yogurt-Seg2,Yogurt,Discount,PL-North,Single,3.89,0.0,2.0,124.0,164.0,14.0,54.46
12/03/2022,YO-029,YoBrand4,Yogurt-Seg2,Yogurt,Discount,PL-South,Carton,7.01,0.0,5.0,134.0,126.0,16.0,112.16
12/03/2022,YO-029,YoBrand4,Yogurt-Seg2,Yogurt,E-commerce,PL-Central,Carton,3.07,1.0,2.0,179.0,222.0,31.0,95.17
12/03/2022,YO-029,YoBrand4,Yogurt-Seg2,Yogurt,E-commerce,PL-North,Carton,6.81,0.0,2.0,259.0,224.0,22.0,149.82
12/03/2022,YO-029,YoBrand4,Yogurt-Seg2,Yogurt,E-commerce,PL-South,Multipack,5.23,0.0,2.0,176.0,171.0,14.0,73.22
13/03/2022,YO-005,YoBrand2,Yogurt-Seg1,Yogurt,Retail,PL-Central,Multipack,5.06,0.0,2.0,178.0,175.0,28.0,141.68
13/03/2022,YO-005,YoBrand2,Yogurt-Seg1,Yogurt,Retail,PL-North,Multipack,6.06,0.0,2.0,228.0,250.0,25.0,151.5
13/03/2022,YO-005,YoBrand2,Yogurt-Seg1,Yogurt,Retail,PL-South,Carton,5.14,0.0,4.0,144.0,195.0,20.0,102.8
13/03/2022,YO-005,YoBrand2,Yogurt-Seg1,Yogurt,Discount,PL-North,Single,8.17,1.0,1.0,47.0,56.0,10.0,81.7
13/03/2022,YO-005,YoBrand2,Yogurt-Seg1,Yogurt,Discount,PL-South,Single,2.14,1.0,1.0,118.0,125.0,27.0,57.78
13/03/2022,YO-005,YoBrand2,Yogurt-Seg1,Yogurt,E-commerce,PL-Central,Multipack,8.33,0.0,5.0,207.0,235.0,23.0,191.59
13/03/2022,YO-005,YoBrand2,Yogurt-Seg1,Yogurt,E-commerce,PL-North,Multipack,6.85,0.0,2.0,192.0,202.0,29.0,198.65
13/03/2022,YO-005,YoBrand2,Yogurt-Seg1,Yogurt,E-commerce,PL-South,Carton,5.95,0.0,2.0,181.0,170.0,19.0,113.05
13/03/2022,MI-006,MiBrand1,Milk-Seg3,Milk,Retail,PL-North,Multipack,4.53,0.0,1.0,81.0,120.0,4.0,18.12
13/03/2022,MI-006,MiBrand1,Milk-Seg3,Milk,Retail,PL-South,Multipack,2.57,0.0,2.0,173.0,154.0,13.0,33.41
13/03/2022,MI-006,MiBrand1,Milk-Seg3,Milk,Discount,PL-Central,Carton,4.85,0.0,5.0,152.0,156.0,11.0,53.35
13/03/2022,MI-006,MiBrand1,Milk-Seg3,Milk,Discount,PL-South,Carton,7.21,0.0,2.0,202.0,179.0,15.0,108.15
13/03/2022,MI-006,MiBrand1,Milk-Seg3,Milk,E-commerce,PL-Central,Multipack,2.58,0.0,4.0,110.0,173.0,6.0,15.48
13/03/2022,MI-006,MiBrand1,Milk-Seg3,Milk,E-commerce,PL-North,Single,2.2,0.0,1.0,123.0,203.0,11.0,24.2
13/03/2022,MI-026,MiBrand4,Milk-Seg2,Milk,Retail,PL-Central,Single,5.76,0.0,4.0,147.0,150.0,12.0,69.12
13/03/2022,MI-026,MiBrand4,Milk-Seg2,Milk,Retail,PL-North,Multipack,7.07,0.0,1.0,194.0,167.0,26.0,183.82
13/03/2022,MI-026,MiBrand4,Milk-Seg2,Milk,Retail,PL-South,Single,6.52,0.0,1.0,119.0,118.0,8.0,52.16
13/03/2022,MI-026,MiBrand4,Milk-Seg2,Milk,Discount,PL-Central,Carton,7.28,0.0,1.0,86.0,137.0,5.0,36.4
13/03/2022,MI-026,MiBrand4,Milk-Seg2,Milk,Discount,PL-North,Carton,5.93,0.0,4.0,257.0,218.0,23.0,136.39
13/03/2022,MI-026,MiBrand4,Milk-Seg2,Milk,Discount,PL-South,Carton,3.95,0.0,5.0,77.0,69.0,7.0,27.65
13/03/2022,MI-026,MiBrand4,Milk-Seg2,Milk,E-commerce,PL-Central,Carton,5.75,1.0,4.0,190.0,237.0,31.0,178.25
13/03/2022,MI-026,MiBrand4,Milk-Seg2,Milk,E-commerce,PL-North,Single,2.63,0.0,4.0,189.0,187.0,16.0,42.08
13/03/2022,MI-026,MiBrand4,Milk-Seg2,Milk,E-commerce,PL-South,Multipack,6.6,0.0,3.0,162.0,248.0,10.0,66.0
13/03/2022,YO-029,YoBrand4,Yogurt-Seg2,Yogurt,Retail,PL-Central,Carton,8.17,0.0,5.0,119.0,199.0,5.0,40.85
13/03/2022,YO-029,YoBrand4,Yogurt-Seg2,Yogurt,Retail,PL-North,Carton,1.55,0.0,1.0,168.0,205.0,12.0,18.6
13/03/2022,YO-029,YoBrand4,Yogurt-Seg2,Yogurt,Retail,PL-South,Carton,7.56,0.0,2.0,221.0,200.0,23.0,173.88
13/03/2022,YO-029,YoBrand4,Yogurt-Seg2,Yogurt,Discount,PL-Central,Single,5.99,0.0,5.0,263.0,252.0,22.0,131.78
13/03/2022,YO-029,YoBrand4,Yogurt-Seg2,Yogurt,Discount,PL-North,Carton,5.07,0.0,4.0,149.0,166.0,20.0,101.4
13/03/2022,YO-029,YoBrand4,Yogurt-Seg2,Yogurt,Discount,PL-South,Carton,6.43,1.0,5.0,120.0,143.0,34.0,218.62
13/03/2022,YO-029,YoBrand4,Yogurt-Seg2,Yogurt,E-commerce,PL-Central,Single,6.7,0.0,3.0,178.0,181.0,20.0,134.0
13/03/2022,YO-029,YoBrand4,Yogurt-Seg2,Yogurt,E-commerce,PL-North,Carton,5.88,1.0,5.0,288.0,264.0,94.0,552.72
13/03/2022,YO-029,YoBrand4,Yogurt-Seg2,Yogurt,E-commerce,PL-South,Carton,8.96,0.0,4.0,204.0,229.0,17.0,152.32
14/03/2022,YO-005,YoBrand2,Yogurt-Seg1,Yogurt,Retail,PL-Central,Carton,6.42,1.0,3.0,98.0,127.0,23.0,147.66
14/03/2022,YO-005,YoBrand2,Yogurt-Seg1,Yogurt,Retail,PL-North,Single,2.87,0.0,5.0,196.0,221.0,20.0,57.4
14/03/2022,YO-005,YoBrand2,Yogurt-Seg1,Yogurt,Retail,PL-South,Carton,7.1,0.0,1.0,124.0,180.0,18.0,127.8
14/03/2022,YO-005,YoBrand2,Yogurt-Seg1,Yogurt,Discount,PL-Central,Single,8.36,0.0,5.0,113.0,144.0,12.0,100.32
14/03/2022,YO-005,YoBrand2,Yogurt-Seg1,Yogurt,Discount,PL-North,Multipack,2.66,0.0,5.0,97.0,115.0,10.0,26.6
14/03/2022,YO-005,YoBrand2,Yogurt-Seg1,Yogurt,Discount,PL-South,Multipack,1.97,1.0,3.0,94.0,89.0,23.0,45.31
14/03/2022,YO-005,YoBrand2,Yogurt-Seg1,Yogurt,E-commerce,PL-Central,Single,7.19,0.0,4.0,252.0,224.0,29.0,208.51
14/03/2022,YO-005,YoBrand2,Yogurt-Seg1,Yogurt,E-commerce,PL-North,Multipack,5.25,1.0,2.0,120.0,151.0,32.0,168.0
14/03/2022,YO-005,YoBrand2,Yogurt-Seg1,Yogurt,E-commerce,PL-South,Carton,6.97,0.0,1.0,95.0,130.0,14.0,97.58
14/03/2022,MI-006,MiBrand1,Milk-Seg3,Milk,Retail,PL-Central,Single,8.8,0.0,4.0,188.0,249.0,14.0,123.2
14/03/2022,MI-006,MiBrand1,Milk-Seg3,Milk,Retail,PL-North,Single,4.28,0.0,3.0,247.0,247.0,20.0,85.6
14/03/2022,MI-006,MiBrand1,Milk-Seg3,Milk,Retail,PL-South,Multipack,8.1,0.0,4.0,0.0,218.0,0.0,0.0
14/03/2022,MI-006,MiBrand1,Milk-Seg3,Milk,Discount,PL-Central,Single,7.46,0.0,3.0,96.0,143.0,8.0,59.68
14/03/2022,MI-006,MiBrand1,Milk-Seg3,Milk,Discount,PL-South,Single,8.36,1.0,3.0,163.0,184.0,24.0,200.64
14/03/2022,MI-006,MiBrand1,Milk-Seg3,Milk,E-commerce,PL-Central,Multipack,7.5,1.0,4.0,72.0,115.0,7.0,52.5
14/03/2022,MI-006,MiBrand1,Milk-Seg3,Milk,E-commerce,PL-North,Single,5.07,0.0,3.0,91.0,141.0,7.0,35.49
14/03/2022,MI-006,MiBrand1,Milk-Seg3,Milk,E-commerce,PL-South,Single,2.0,1.0,4.0,223.0,213.0,52.0,104.0
14/03/2022,MI-026,MiBrand4,Milk-Seg2,Milk,Retail,PL-Central,Single,6.68,0.0,4.0,272.0,256.0,14.0,93.52
14/03/2022,MI-026,MiBrand4,Milk-Seg2,Milk,Retail,PL-North,Carton,8.86,0.0,2.0,133.0,205.0,12.0,106.32
14/03/2022,MI-026,MiBrand4,Milk-Seg2,Milk,Retail,PL-South,Single,4.39,0.0,2.0,123.0,144.0,13.0,57.07
14/03/2022,MI-026,MiBrand4,Milk-Seg2,Milk,Discount,PL-North,Single,6.87,0.0,1.0,125.0,177.0,11.0,75.57
14/03/2022,MI-026,MiBrand4,Milk-Seg2,Milk,Discount,PL-South,Multipack,6.34,1.0,5.0,142.0,169.0,13.0,82.42
14/03/2022,MI-026,MiBrand4,Milk-Seg2,Milk,E-commerce,PL-Central,Carton,1.74,1.0,2.0,152.0,202.0,27.0,46.98
14/03/2022,MI-026,MiBrand4,Milk-Seg2,Milk,E-commerce,PL-North,Single,8.78,0.0,2.0,152.0,151.0,11.0,96.58
14/03/2022,MI-026,MiBrand4,Milk-Seg2,Milk,E-commerce,PL-South,Multipack,4.13,0.0,4.0,134.0,154.0,8.0,33.04
14/03/2022,YO-029,YoBrand4,Yogurt-Seg2,Yogurt,Retail,PL-Central,Carton,3.39,0.0,4.0,219.0,215.0,24.0,81.36
14/03/2022,YO-029,YoBrand4,Yogurt-Seg2,Yogurt,Retail,PL-North,Multipack,6.53,0.0,2.0,143.0,171.0,15.0,97.95
14/03/2022,YO-029,YoBrand4,Yogurt-Seg2,Yogurt,Retail,PL-South,Single,5.59,0.0,1.0,74.0,121.0,9.0,50.31
14/03/2022,YO-029,YoBrand4,Yogurt-Seg2,Yogurt,Discount,PL-Central,Single,8.84,1.0,3.0,104.0,140.0,27.0,238.68
14/03/2022,YO-029,YoBrand4,Yogurt-Seg2,Yogurt,Discount,PL-North,Single,4.56,0.0,4.0,157.0,144.0,17.0,77.52
14/03/2022,YO-029,YoBrand4,Yogurt-Seg2,Yogurt,E-commerce,PL-Central,Carton,8.7,0.0,5.0,162.0,169.0,15.0,130.5
14/03/2022,YO-029,YoBrand4,Yogurt-Seg2,Yogurt,E-commerce,PL-North,Multipack,8.17,0.0,4.0,152.0,152.0,19.0,155.23
14/03/2022,YO-029,YoBrand4,Yogurt-Seg2,Yogurt,E-commerce,PL-South,Single,2.83,0.0,3.0,286.0,261.0,27.0,76.41
15/03/2022,YO-005,YoBrand2,Yogurt-Seg1,Yogurt,Retail,PL-Central,Single,1.74,0.0,1.0,180.0,169.0,21.0,36.54
15/03/2022,YO-005,YoBrand2,Yogurt-Seg1,Yogurt,Retail,PL-South,Single,4.73,0.0,2.0,98.0,138.0,10.0,47.3
15/03/2022,YO-005,YoBrand2,Yogurt-Seg1,Yogurt,Discount,PL-Central,Single,4.19,0.0,3.0,168.0,160.0,28.0,117.32
15/03/2022,YO-005,YoBrand2,Yogurt-Seg1,Yogurt,Discount,PL-North,Carton,8.85,0.0,3.0,150.0,175.0,16.0,141.6
15/03/2022,YO-005,YoBrand2,Yogurt-Seg1,Yogurt,Discount,PL-South,Single,4.96,0.0,4.0,208.0,220.0,24.0,119.04
15/03/2022,YO-005,YoBrand2,Yogurt-Seg1,Yogurt,E-commerce,PL-Central,Multipack,7.47,0.0,1.0,190.0,259.0,22.0,164.34
15/03/2022,YO-005,YoBrand2,Yogurt-Seg1,Yogurt,E-commerce,PL-North,Multipack,3.13,0.0,5.0,305.0,258.0,29.0,90.77
15/03/2022,YO-005,YoBrand2,Yogurt-Seg1,Yogurt,E-commerce,PL-South,Multipack,2.68,0.0,3.0,145.0,145.0,10.0,26.8
15/03/2022,MI-006,MiBrand1,Milk-Seg3,Milk,Retail,PL-North,Multipack,8.12,0.0,2.0,151.0,140.0,11.0,89.32
15/03/2022,MI-006,MiBrand1,Milk-Seg3,Milk,Retail,PL-South,Single,3.98,1.0,5.0,153.0,200.0,26.0,103.48
15/03/2022,MI-006,MiBrand1,Milk-Seg3,Milk,Discount,PL-Central,Single,3.64,0.0,2.0,89.0,121.0,4.0,14.56
15/03/2022,MI-006,MiBrand1,Milk-Seg3,Milk,Discount,PL-South,Single,3.77,1.0,4.0,169.0,246.0,22.0,82.94
15/03/2022,MI-006,MiBrand1,Milk-Seg3,Milk,E-commerce,PL-Central,Carton,6.91,0.0,4.0,126.0,111.0,11.0,76.01
15/03/2022,MI-006,MiBrand1,Milk-Seg3,Milk,E-commerce,PL-North,Carton,6.83,0.0,5.0,0.0,196.0,0.0,0.0
15/03/2022,MI-006,MiBrand1,Milk-Seg3,Milk,E-commerce,PL-South,Single,7.22,0.0,3.0,123.0,149.0,10.0,72.2
15/03/2022,MI-026,MiBrand4,Milk-Seg2,Milk,Retail,PL-Central,Carton,5.77,0.0,4.0,98.0,118.0,6.0,34.62
15/03/2022,MI-026,MiBrand4,Milk-Seg2,Milk,Retail,PL-North,Single,4.03,0.0,3.0,305.0,285.0,26.0,104.78
15/03/2022,MI-026,MiBrand4,Milk-Seg2,Milk,Retail,PL-South,Single,3.96,0.0,3.0,232.0,197.0,14.0,55.44
15/03/2022,MI-026,MiBrand4,Milk-Seg2,Milk,Discount,PL-Central,Carton,2.16,0.0,2.0,156.0,190.0,15.0,32.4
15/03/2022,MI-026,MiBrand4,Milk-Seg2,Milk,Discount,PL-South,Multipack,6.32,0.0,1.0,85.0,139.0,7.0,44.24
15/03/2022,MI-026,MiBrand4,Milk-Seg2,Milk,E-commerce,PL-Central,Multipack,1.79,0.0,3.0,90.0,95.0,6.0,10.74
15/03/2022,MI-026,MiBrand4,Milk-Seg2,Milk,E-commerce,PL-North,Multipack,4.23,1.0,2.0,241.0,224.0,19.0,80.37
15/03/2022,MI-026,MiBrand4,Milk-Seg2,Milk,E-commerce,PL-South,Single,7.84,0.0,1.0,225.0,218.0,22.0,172.48
15/03/2022,YO-029,YoBrand4,Yogurt-Seg2,Yogurt,Retail,PL-Central,Multipack,1.68,0.0,3.0,138.0,166.0,16.0,26.88
15/03/2022,YO-029,YoBrand4,Yogurt-Seg2,Yogurt,Retail,PL-South,Multipack,5.46,0.0,2.0,176.0,263.0,24.0,131.04
15/03/2022,YO-029,YoBrand4,Yogurt-Seg2,Yogurt,Discount,PL-Central,Single,8.37,0.0,1.0,161.0,156.0,19.0,159.03
15/03/2022,YO-029,YoBrand4,Yogurt-Seg2,Yogurt,Discount,PL-North,Carton,2.87,0.0,2.0,240.0,226.0,27.0,77.49
15/03/2022,YO-029,YoBrand4,Yogurt-Seg2,Yogurt,Discount,PL-South,Carton,6.56,1.0,4.0,121.0,121.0,32.0,209.92
15/03/2022,YO-029,YoBrand4,Yogurt-Seg2,Yogurt,E-commerce,PL-Central,Carton,7.9,0.0,2.0,129.0,184.0,13.0,102.7
15/03/2022,YO-029,YoBrand4,Yogurt-Seg2,Yogurt,E-commerce,PL-South,Carton,6.52,0.0,5.0,78.0,67.0,7.0,45.64
16/03/2022,YO-005,YoBrand2,Yogurt-Seg1,Yogurt,Retail,PL-Central,Multipack,4.12,0.0,4.0,0.0,87.0,0.0,0.0
16/03/2022,YO-005,YoBrand2,Yogurt-Seg1,Yogurt,Retail,PL-North,Multipack,3.74,0.0,2.0,131.0,176.0,14.0,52.36
16/03/2022,YO-005,YoBrand2,Yogurt-Seg1,Yogurt,Retail,PL-South,Multipack,4.61,1.0,3.0,271.0,231.0,41.0,189.01
16/03/2022,YO-005,YoBrand2,Yogurt-Seg1,Yogurt,Discount,PL-Central,Single,3.12,0.0,5.0,189.0,208.0,20.0,62.4
16/03/2022,YO-005,YoBrand2,Yogurt-Seg1,Yogurt,Discount,PL-North,Carton,5.26,0.0,1.0,182.0,207.0,22.0,115.72
16/03/2022,YO-005,YoBrand2,Yogurt-Seg1,Yogurt,Discount,PL-South,Single,1.76,0.0,2.0,139.0,169.0,19.0,33.44
16/03/2022,YO-005,YoBrand2,Yogurt-Seg1,Yogurt,E-commerce,PL-South,Carton,5.25,0.0,4.0,175.0,211.0,19.0,99.75
16/03/2022,MI-006,MiBrand1,Milk-Seg3,Milk,Retail,PL-Central,Carton,6.13,0.0,3.0,95.0,157.0,7.0,42.91
16/03/2022,MI-006,MiBrand1,Milk-Seg3,Milk,Retail,PL-North,Single,5.14,0.0,2.0,242.0,227.0,23.0,118.22
16/03/2022,MI-006,MiBrand1,Milk-Seg3,Milk,Retail,PL-South,Multipack,3.73,0.0,4.0,126.0,118.0,12.0,44.76
16/03/2022,MI-006,MiBrand1,Milk-Seg3,Milk,Discount,PL-Central,Carton,6.81,0.0,5.0,132.0,214.0,11.0,74.91
16/03/2022,MI-006,MiBrand1,Milk-Seg3,Milk,Discount,PL-North,Single,7.49,0.0,2.0,170.0,151.0,14.0,104.86
16/03/2022,MI-006,MiBrand1,Milk-Seg3,Milk,Discount,PL-South,Multipack,8.94,0.0,4.0,112.0,152.0,7.0,62.58
16/03/2022,MI-006,MiBrand1,Milk-Seg3,Milk,E-commerce,PL-Central,Multipack,7.88,0.0,5.0,93.0,148.0,6.0,47.28
16/03/2022,MI-006,MiBrand1,Milk-Seg3,Milk,E-commerce,PL-North,Multipack,3.33,0.0,2.0,179.0,158.0,12.0,39.96
16/03/2022,MI-006,MiBrand1,Milk-Seg3,Milk,E-commerce,PL-South,Carton,8.84,0.0,5.0,131.0,189.0,10.0,88.4
16/03/2022,MI-026,MiBrand4,Milk-Seg2,Milk,Retail,PL-Central,Multipack,4.38,0.0,3.0,144.0,152.0,11.0,48.18
16/03/2022,MI-026,MiBrand4,Milk-Seg2,Milk,Retail,PL-North,Carton,8.19,0.0,5.0,157.0,241.0,16.0,131.04
16/03/2022,MI-026,MiBrand4,Milk-Seg2,Milk,Retail,PL-South,Multipack,7.64,0.0,3.0,165.0,174.0,15.0,114.6
16/03/2022,MI-026,MiBrand4,Milk-Seg2,Milk,Discount,PL-Central,Carton,3.26,0.0,2.0,106.0,147.0,8.0,26.08
16/03/2022,MI-026,MiBrand4,Milk-Seg2,Milk,Discount,PL-North,Single,7.97,0.0,2.0,190.0,163.0,15.0,119.55
16/03/2022,MI-026,MiBrand4,Milk-Seg2,Milk,Discount,PL-South,Multipack,3.58,0.0,2.0,162.0,158.0,9.0,32.22
16/03/2022,MI-026,MiBrand4,Milk-Seg2,Milk,E-commerce,PL-Central,Multipack,4.66,0.0,2.0,246.0,300.0,24.0,111.84
16/03/2022,MI-026,MiBrand4,Milk-Seg2,Milk,E-commerce,PL-North,Multipack,5.99,0.0,5.0,157.0,228.0,8.0,47.92
16/03/2022,MI-026,MiBrand4,Milk-Seg2,Milk,E-commerce,PL-South,Single,6.02,1.0,2.0,180.0,151.0,35.0,210.7
16/03/2022,YO-029,YoBrand4,Yogurt-Seg2,Yogurt,Retail,PL-North,Single,6.44,1.0,2.0,154.0,210.0,30.0,193.2
16/03/2022,YO-029,YoBrand4,Yogurt-Seg2,Yogurt,Discount,PL-Central,Carton,4.35,0.0,1.0,197.0,253.0,18.0,78.3
16/03/2022,YO-029,YoBrand4,Yogurt-Seg2,Yogurt,Discount,PL-North,Multipack,1.56,0.0,3.0,115.0,178.0,8.0,12.48
16/03/2022,YO-029,YoBrand4,Yogurt-Seg2,Yogurt,Discount,PL-South,Single,6.56,0.0,3.0,128.0,153.0,16.0,104.96
16/03/2022,YO-029,YoBrand4,Yogurt-Seg2,Yogurt,E-commerce,PL-North,Carton,6.88,0.0,5.0,232.0,214.0,34.0,233.92
16/03/2022,YO-029,YoBrand4,Yogurt-Seg2,Yogurt,E-commerce,PL-South,Multipack,5.24,0.0,1.0,172.0,208.0,8.0,41.92
17/03/2022,YO-005,YoBrand2,Yogurt-Seg1,Yogurt,Retail,PL-Central,Single,8.03,0.0,3.0,0.0,98.0,0.0,0.0
17/03/2022,YO-005,YoBrand2,Yogurt-Seg1,Yogurt,Retail,PL-North,Single,3.14,0.0,4.0,116.0,120.0,13.0,40.82
17/03/2022,YO-005,YoBrand2,Yogurt-Seg1,Yogurt,Retail,PL-South,Multipack,4.8,0.0,5.0,204.0,202.0,23.0,110.4
17/03/2022,YO-005,YoBrand2,Yogurt-Seg1,Yogurt,Discount,PL-Central,Single,4.61,0.0,5.0,210.0,216.0,19.0,87.59
17/03/2022,YO-005,YoBrand2,Yogurt-Seg1,Yogurt,Discount,PL-North,Multipack,3.71,1.0,4.0,131.0,203.0,25.0,92.75
17/03/2022,YO-005,YoBrand2,Yogurt-Seg1,Yogurt,Discount,PL-South,Multipack,6.21,0.0,5.0,208.0,224.0,25.0,155.25
17/03/2022,YO-005,YoBrand2,Yogurt-Seg1,Yogurt,E-commerce,PL-Central,Multipack,4.26,0.0,5.0,261.0,257.0,24.0,102.24
17/03/2022,YO-005,YoBrand2,Yogurt-Seg1,Yogurt,E-commerce,PL-North,Carton,3.28,0.0,2.0,197.0,181.0,28.0,91.84
17/03/2022,YO-005,YoBrand2,Yogurt-Seg1,Yogurt,E-commerce,PL-South,Multipack,5.69,0.0,1.0,265.0,315.0,26.0,147.94
17/03/2022,MI-006,MiBrand1,Milk-Seg3,Milk,Retail,PL-Central,Single,6.59,0.0,2.0,204.0,223.0,16.0,105.44
17/03/2022,MI-006,MiBrand1,Milk-Seg3,Milk,Retail,PL-South,Single,8.24,0.0,1.0,115.0,129.0,7.0,57.68
17/03/2022,MI-006,MiBrand1,Milk-Seg3,Milk,Discount,PL-Central,Multipack,8.67,0.0,1.0,241.0,215.0,22.0,190.74
17/03/2022,MI-006,MiBrand1,Milk-Seg3,Milk,Discount,PL-North,Carton,8.8,0.0,2.0,93.0,143.0,9.0,79.2
17/03/2022,MI-006,MiBrand1,Milk-Seg3,Milk,Discount,PL-South,Multipack,5.65,0.0,1.0,0.0,142.0,0.0,0.0
17/03/2022,MI-006,MiBrand1,Milk-Seg3,Milk,E-commerce,PL-Central,Single,4.55,0.0,3.0,114.0,158.0,7.0,31.85
17/03/2022,MI-006,MiBrand1,Milk-Seg3,Milk,E-commerce,PL-North,Multipack,6.98,0.0,4.0,123.0,202.0,13.0,90.74
17/03/2022,MI-006,MiBrand1,Milk-Seg3,Milk,E-commerce,PL-South,Single,4.59,0.0,1.0,197.0,208.0,26.0,119.34
17/03/2022,MI-026,MiBrand4,Milk-Seg2,Milk,Retail,PL-Central,Multipack,2.56,1.0,2.0,210.0,176.0,41.0,104.96
17/03/2022,MI-026,MiBrand4,Milk-Seg2,Milk,Retail,PL-North,Single,6.16,0.0,1.0,108.0,134.0,6.0,36.96
17/03/2022,MI-026,MiBrand4,Milk-Seg2,Milk,Retail,PL-South,Carton,6.66,0.0,2.0,156.0,197.0,10.0,66.6
